dataset,condition,optimizer,seed,step,train_mse,test_mse,train_prediction_mean,test_prediction_mean,train_target_mean,test_target_mean
multivariate_regression/mvar_02036a,0,SGD,0,1,3.782360553741455,4.137408256530762,0.14215405270806514,0.14088030096900184,1.6225915587274358,1.6250828031916171
multivariate_regression/mvar_02036a,0,SGD,0,8,3.203422784805298,3.552988052368164,0.35039904178120196,0.34840955457184464,1.6225915587274358,1.6250828031916171
multivariate_regression/mvar_02036a,0,SGD,0,32,1.851978063583374,2.174070358276367,1.0801362034399062,1.076295884558931,1.6225915587274358,1.6250828031916171
multivariate_regression/mvar_02036a,0,SGD,0,128,1.3709850311279297,1.6011419296264648,1.6950233785901219,1.691339710727334,1.6225915587274358,1.6250828031916171
multivariate_regression/mvar_02036a,0,SGD,0,256,1.1096776723861694,1.2260630130767822,1.6478913405444473,1.6530718470457941,1.6225915587274358,1.6250828031916171
multivariate_regression/mvar_02036a,0,SGD,1,1,4.273908615112305,4.621506690979004,-0.01322749716200633,-0.010880407222430222,1.6225915587274358,1.6250828031916171
multivariate_regression/mvar_02036a,0,SGD,1,8,3.727447271347046,4.07118034362793,0.16156346636125818,0.1639894112595357,1.6225915587274358,1.6250828031916171
multivariate_regression/mvar_02036a,0,SGD,1,32,2.220679759979248,2.5469820499420166,0.815676003927365,0.8176320332568139,1.6225915587274358,1.6250828031916171
multivariate_regression/mvar_02036a,0,SGD,1,128,1.4141987562179565,1.6527330875396729,1.6118336888030171,1.6136496369726956,1.6225915587274358,1.6250828031916171
multivariate_regression/mvar_02036a,0,SGD,1,256,1.1791224479675293,1.2936819791793823,1.6515817244071513,1.65718060801737,1.6225915587274358,1.6250828031916171
multivariate_regression/mvar_02036a,0,SGD,2,1,3.8153276443481445,4.166492462158203,0.1328551147453254,0.13335145213932265,1.6225915587274358,1.6250828031916171
multivariate_regression/mvar_02036a,0,SGD,2,8,3.3344922065734863,3.6832501888275146,0.30281726602697745,0.30305489123566076,1.6225915587274358,1.6250828031916171
multivariate_regression/mvar_02036a,0,SGD,2,32,1.9071409702301025,2.238832473754883,1.044435599585995,1.04324548994191,1.6225915587274358,1.6250828031916171
multivariate_regression/mvar_02036a,0,SGD,2,128,1.4002983570098877,1.646482229232788,1.6036018230952322,1.6048866137862206,1.6225915587274358,1.6250828031916171
multivariate_regression/mvar_02036a,0,SGD,2,256,1.1601133346557617,1.2893295288085938,1.6222903651650995,1.629922253312543,1.6225915587274358,1.6250828031916171
multivariate_regression/mvar_02036a,0,SGD,3,1,4.309366226196289,4.6621856689453125,-0.023627807458979078,-0.025054901241674088,1.6225915587274358,1.6250828031916171
multivariate_regression/mvar_02036a,0,SGD,3,8,3.793440341949463,4.140501022338867,0.13878032146021724,0.13707014982355759,1.6225915587274358,1.6250828031916171
multivariate_regression/mvar_02036a,0,SGD,3,32,2.052783966064453,2.367765426635742,0.9167573894374073,0.91472855838947,1.6225915587274358,1.6250828031916171
multivariate_regression/mvar_02036a,0,SGD,3,128,1.3718042373657227,1.5922861099243164,1.6512562078423798,1.6510478439740837,1.6225915587274358,1.6250828031916171
multivariate_regression/mvar_02036a,0,SGD,3,256,1.1406514644622803,1.2402127981185913,1.7636978821828961,1.7718526462558657,1.6225915587274358,1.6250828031916171
multivariate_regression/mvar_02036a,0,SGD,4,1,4.077668190002441,4.422836780548096,0.04184730039560236,0.04182327013404574,1.6225915587274358,1.6250828031916171
multivariate_regression/mvar_02036a,0,SGD,4,8,3.4513020515441895,3.7916688919067383,0.2516223567072302,0.25030039181001484,1.6225915587274358,1.6250828031916171
multivariate_regression/mvar_02036a,0,SGD,4,32,1.779043436050415,2.081235885620117,1.1188910938799381,1.1128463034983724,1.6225915587274358,1.6250828031916171
multivariate_regression/mvar_02036a,0,SGD,4,128,1.3200327157974243,1.5162454843521118,1.6716922530904412,1.6656110740732402,1.6225915587274358,1.6250828031916171
multivariate_regression/mvar_02036a,0,SGD,4,256,1.029705286026001,1.0917670726776123,1.6864608298055828,1.6881136199226603,1.6225915587274358,1.6250828031916171
multivariate_regression/mvar_02036a,0,SGD,5,1,4.044249057769775,4.393343448638916,0.05248916619166266,0.05010832624975592,1.6225915587274358,1.6250828031916171
multivariate_regression/mvar_02036a,0,SGD,5,8,3.588038921356201,3.9312896728515625,0.20403994934167713,0.2021197277936153,1.6225915587274358,1.6250828031916171
multivariate_regression/mvar_02036a,0,SGD,5,32,2.1093063354492188,2.422150135040283,0.8748284932225943,0.8752239039167762,1.6225915587274358,1.6250828031916171
multivariate_regression/mvar_02036a,0,SGD,5,128,1.3446452617645264,1.5430827140808105,1.6450625974684954,1.6440126937814057,1.6225915587274358,1.6250828031916171
multivariate_regression/mvar_02036a,0,SGD,5,256,1.0992162227630615,1.1801525354385376,1.6715041783172637,1.6694218625780195,1.6225915587274358,1.6250828031916171
multivariate_regression/mvar_02036a,0,SGD,6,1,4.4940032958984375,4.853908538818359,-0.07993545071803965,-0.08238575258292258,1.6225915587274358,1.6250828031916171
multivariate_regression/mvar_02036a,0,SGD,6,8,3.984355926513672,4.340509414672852,0.07535346528311493,0.0724545226621558,1.6225915587274358,1.6250828031916171
multivariate_regression/mvar_02036a,0,SGD,6,32,2.490145683288574,2.8293418884277344,0.6638785803224891,0.6581642192322761,1.6225915587274358,1.6250828031916171
multivariate_regression/mvar_02036a,0,SGD,6,128,1.4336118698120117,1.6700718402862549,1.6504036341793835,1.6347521087154746,1.6225915587274358,1.6250828031916171
multivariate_regression/mvar_02036a,0,SGD,6,256,1.2202856540679932,1.3496640920639038,1.591134572867304,1.5680108680389822,1.6225915587274358,1.6250828031916171
multivariate_regression/mvar_02036a,0,SGD,7,1,4.082016468048096,4.442290782928467,0.0486407579301158,0.045571606475277804,1.6225915587274358,1.6250828031916171
multivariate_regression/mvar_02036a,0,SGD,7,8,3.5496737957000732,3.9041647911071777,0.22702715662308037,0.22412975202314556,1.6225915587274358,1.6250828031916171
multivariate_regression/mvar_02036a,0,SGD,7,32,2.0569188594818115,2.38446044921875,0.9346087612211704,0.9328518048860133,1.6225915587274358,1.6250828031916171
multivariate_regression/mvar_02036a,0,SGD,7,128,1.421844482421875,1.6644138097763062,1.5625092755071819,1.5684802634641528,1.6225915587274358,1.6250828031916171
multivariate_regression/mvar_02036a,0,SGD,7,256,1.1776366233825684,1.3058301210403442,1.720160607015714,1.7391316681168973,1.6225915587274358,1.6250828031916171
multivariate_regression/mvar_02036a,0,SGD,8,1,4.069202899932861,4.4155964851379395,0.045635888884135056,0.04573095610976452,1.6225915587274358,1.6250828031916171
multivariate_regression/mvar_02036a,0,SGD,8,8,3.534050464630127,3.8783788681030273,0.2241340529290028,0.2238706378848292,1.6225915587274358,1.6250828031916171
multivariate_regression/mvar_02036a,0,SGD,8,32,2.0280871391296387,2.359391689300537,0.9378815204836428,0.9364352528937161,1.6225915587274358,1.6250828031916171
multivariate_regression/mvar_02036a,0,SGD,8,128,1.422019600868225,1.6787813901901245,1.6533137410879135,1.6487506837584078,1.6225915587274358,1.6250828031916171
multivariate_regression/mvar_02036a,0,SGD,8,256,1.2080821990966797,1.361203908920288,1.6457251778338104,1.6384878989774734,1.6225915587274358,1.6250828031916171
multivariate_regression/mvar_02036a,0,SGD,9,1,4.13539981842041,4.490453720092773,0.03244382917910116,0.03442199765413534,1.6225915587274358,1.6250828031916171
multivariate_regression/mvar_02036a,0,SGD,9,8,3.6841840744018555,4.039888381958008,0.18267968174768612,0.1843820515787229,1.6225915587274358,1.6250828031916171
multivariate_regression/mvar_02036a,0,SGD,9,32,2.3170015811920166,2.669123411178589,0.7879078504629433,0.7884160322137177,1.6225915587274358,1.6250828031916171
multivariate_regression/mvar_02036a,0,SGD,9,128,1.505033254623413,1.7798256874084473,1.5681012733839452,1.5651235608384013,1.6225915587274358,1.6250828031916171
multivariate_regression/mvar_02036a,0,SGD,9,256,1.2849915027618408,1.4416261911392212,1.5841769617982209,1.5808646893128753,1.6225915587274358,1.6250828031916171
multivariate_regression/mvar_02036a,0,Adam,0,1,3.853346347808838,4.208988189697266,0.11864590487675741,0.11749468467314728,1.6225915587274358,1.6250828031916171
multivariate_regression/mvar_02036a,0,Adam,0,8,3.5613324642181396,3.9144232273101807,0.21856252860743552,0.2172269828733988,1.6225915587274358,1.6250828031916171
multivariate_regression/mvar_02036a,0,Adam,0,32,2.6623549461364746,3.0034396648406982,0.5832653845427558,0.5816085470141843,1.6225915587274358,1.6250828031916171
multivariate_regression/mvar_02036a,0,Adam,0,128,1.336918830871582,1.5487573146820068,1.6741839880123734,1.6722422651946545,1.6225915587274358,1.6250828031916171
multivariate_regression/mvar_02036a,0,Adam,0,256,0.8931773900985718,0.8965436220169067,1.665359186968999,1.6860097984899767,1.6225915587274358,1.6250828031916171
multivariate_regression/mvar_02036a,0,Adam,1,1,4.315904140472412,4.663797378540039,-0.025885058552375995,-0.023558507768029813,1.6225915587274358,1.6250828031916171
multivariate_regression/mvar_02036a,0,Adam,1,8,4.028670310974121,4.374782085418701,0.06302280758973211,0.0653298242832534,1.6225915587274358,1.6250828031916171
multivariate_regression/mvar_02036a,0,Adam,1,32,3.154560089111328,3.4953384399414062,0.3713272735476494,0.3729517951142043,1.6225915587274358,1.6250828031916171
multivariate_regression/mvar_02036a,0,Adam,1,128,1.4179357290267944,1.6577494144439697,1.5878540663979948,1.5873386217281222,1.6225915587274358,1.6250828031916171
multivariate_regression/mvar_02036a,0,Adam,1,256,0.9430147409439087,0.9245905876159668,1.6152641152293654,1.6248700695723528,1.6225915587274358,1.6250828031916171
multivariate_regression/mvar_02036a,0,Adam,2,1,3.851034164428711,4.20224666595459,0.1209098057297524,0.1214315851975698,1.6225915587274358,1.6250828031916171
multivariate_regression/mvar_02036a,0,Adam,2,8,3.5750951766967773,3.9242048263549805,0.21448880736716092,0.21499735198449343,1.6225915587274358,1.6250828031916171
multivariate_regression/mvar_02036a,0,Adam,2,32,2.691065788269043,3.031339406967163,0.5678825485520065,0.5681133075850084,1.6225915587274358,1.6250828031916171
multivariate_regression/mvar_02036a,0,Adam,2,128,1.3856310844421387,1.6286470890045166,1.6405087714083493,1.6407322464510798,1.6225915587274358,1.6250828031916171
multivariate_regression/mvar_02036a,0,Adam,2,256,0.9520233869552612,0.9856508374214172,1.6541504932683893,1.663525058887899,1.6225915587274358,1.6250828031916171
multivariate_regression/mvar_02036a,0,Adam,3,1,4.357416152954102,4.710759162902832,-0.037951251564663835,-0.03938025525712874,1.6225915587274358,1.6250828031916171
multivariate_regression/mvar_02036a,0,Adam,3,8,4.078684329986572,4.429129600524902,0.047084918594919145,0.045411345214233734,1.6225915587274358,1.6250828031916171
multivariate_regression/mvar_02036a,0,Adam,3,32,3.1416664123535156,3.479508399963379,0.3746538495179266,0.37247791490517557,1.6225915587274358,1.6250828031916171
multivariate_regression/mvar_02036a,0,Adam,3,128,1.4171041250228882,1.652791976928711,1.661418154835701,1.6595850149169564,1.6225915587274358,1.6250828031916171
multivariate_regression/mvar_02036a,0,Adam,3,256,0.9826038479804993,1.0076543092727661,1.7415043271612376,1.7533830284373835,1.6225915587274358,1.6250828031916171
multivariate_regression/mvar_02036a,0,Adam,4,1,4.149068832397461,4.494658470153809,0.019748145110497717,0.019903405860532075,1.6225915587274358,1.6250828031916171
multivariate_regression/mvar_02036a,0,Adam,4,8,3.8265786170959473,4.1698994636535645,0.12289880542084575,0.12268240848788992,1.6225915587274358,1.6250828031916171
multivariate_regression/mvar_02036a,0,Adam,4,32,2.7689096927642822,3.0997700691223145,0.5242898701690137,0.5232362636597827,1.6225915587274358,1.6250828031916171
multivariate_regression/mvar_02036a,0,Adam,4,128,1.3074421882629395,1.5068533420562744,1.6157067231833935,1.6125885285437107,1.6225915587274358,1.6250828031916171
multivariate_regression/mvar_02036a,0,Adam,4,256,0.8612779974937439,0.8353531360626221,1.6898355895391433,1.6946748802802176,1.6225915587274358,1.6250828031916171
multivariate_regression/mvar_02036a,0,Adam,5,1,4.083189964294434,4.432551860809326,0.040169706000597216,0.037777782054035924,1.6225915587274358,1.6250828031916171
multivariate_regression/mvar_02036a,0,Adam,5,8,3.803783416748047,4.14858865737915,0.12999543991463725,0.12792701635044068,1.6225915587274358,1.6250828031916171
multivariate_regression/mvar_02036a,0,Adam,5,32,2.9073054790496826,3.2348873615264893,0.46288846421521157,0.46196696104016155,1.6225915587274358,1.6250828031916171
multivariate_regression/mvar_02036a,0,Adam,5,128,1.3268064260482788,1.510369896888733,1.597596266772598,1.5939890120644122,1.6225915587274358,1.6250828031916171
multivariate_regression/mvar_02036a,0,Adam,5,256,0.8999662399291992,0.8849664926528931,1.6519407951273024,1.656414837896591,1.6225915587274358,1.6250828031916171
multivariate_regression/mvar_02036a,0,Adam,6,1,4.5349225997924805,4.895200729370117,-0.09174895571777597,-0.09415986224485096,1.6225915587274358,1.6250828031916171
multivariate_regression/mvar_02036a,0,Adam,6,8,4.2431793212890625,4.602056980133057,-0.00481867189228069,-0.007323080051719444,1.6225915587274358,1.6250828031916171
multivariate_regression/mvar_02036a,0,Adam,6,32,3.3323776721954346,3.686267852783203,0.3029608161887154,0.30010637221857905,1.6225915587274358,1.6250828031916171
multivariate_regression/mvar_02036a,0,Adam,6,128,1.463315486907959,1.7267056703567505,1.625886004883796,1.613117290660739,1.6225915587274358,1.6250828031916171
multivariate_regression/mvar_02036a,0,Adam,6,256,0.9955498576164246,1.0292112827301025,1.6172702296753414,1.593985335319303,1.6225915587274358,1.6250828031916171
multivariate_regression/mvar_02036a,0,Adam,7,1,4.117746353149414,4.478390216827393,0.037395101724541746,0.03431318496586755,1.6225915587274358,1.6250828031916171
multivariate_regression/mvar_02036a,0,Adam,7,8,3.8295395374298096,4.1865153312683105,0.13038730810512789,0.12750993933877908,1.6225915587274358,1.6250828031916171
multivariate_regression/mvar_02036a,0,Adam,7,32,2.922940254211426,3.2666382789611816,0.4687454591039568,0.466264033340849,1.6225915587274358,1.6250828031916171
multivariate_regression/mvar_02036a,0,Adam,7,128,1.3981661796569824,1.6348798274993896,1.5797691764310002,1.583026628009975,1.6225915587274358,1.6250828031916171
multivariate_regression/mvar_02036a,0,Adam,7,256,0.9416278600692749,0.9702994227409363,1.6953618919942528,1.7207904667593539,1.6225915587274358,1.6250828031916171
multivariate_regression/mvar_02036a,0,Adam,8,1,4.107669830322266,4.45422887802124,0.03357516603136901,0.033660740926279686,1.6225915587274358,1.6250828031916171
multivariate_regression/mvar_02036a,0,Adam,8,8,3.836543560028076,4.182239532470703,0.12084160614176653,0.12064826235291548,1.6225915587274358,1.6250828031916171
multivariate_regression/mvar_02036a,0,Adam,8,32,2.981318473815918,3.3230793476104736,0.43725472153164446,0.43616848811507225,1.6225915587274358,1.6250828031916171
multivariate_regression/mvar_02036a,0,Adam,8,128,1.4403990507125854,1.6981406211853027,1.625234143808484,1.6191583052277565,1.6225915587274358,1.6250828031916171
multivariate_regression/mvar_02036a,0,Adam,8,256,0.9562124013900757,0.976251482963562,1.623688300474896,1.615990552760195,1.6225915587274358,1.6250828031916171
multivariate_regression/mvar_02036a,0,Adam,9,1,4.172606468200684,4.527543067932129,0.02070242237095954,0.02271298095729435,1.6225915587274358,1.6250828031916171
multivariate_regression/mvar_02036a,0,Adam,9,8,3.894608736038208,4.24931001663208,0.11067988415015861,0.11258778866613284,1.6225915587274358,1.6250828031916171
multivariate_regression/mvar_02036a,0,Adam,9,32,3.0244791507720947,3.3779139518737793,0.4354254440404475,0.43670718604698777,1.6225915587274358,1.6250828031916171
multivariate_regression/mvar_02036a,0,Adam,9,128,1.457209587097168,1.705866813659668,1.5912545789033175,1.5881810318678617,1.6225915587274358,1.6250828031916171
multivariate_regression/mvar_02036a,0,Adam,9,256,0.9756470918655396,0.9796013832092285,1.5342281702760374,1.5318588825466577,1.6225915587274358,1.6250828031916171
multivariate_regression/mvar_02036a,1,SGD,0,1,10.8831205368042,11.208738327026367,0.0482499893696513,0.04739659674669383,-2.9999999376013875,-2.99750869628042
multivariate_regression/mvar_02036a,1,SGD,0,8,8.4434232711792,8.787398338317871,-0.3821043341886252,-0.38141975610051304,-2.9999999376013875,-2.99750869628042
multivariate_regression/mvar_02036a,1,SGD,0,32,1.6289794445037842,2.0120761394500732,-2.7429386246949434,-2.7354492731392384,-2.9999999376013875,-2.99750869628042
multivariate_regression/mvar_02036a,1,SGD,0,128,1.2489334344863892,1.4931554794311523,-2.9496447648853064,-2.942976562306285,-2.9999999376013875,-2.99750869628042
multivariate_regression/mvar_02036a,1,SGD,0,256,0.9626998901367188,1.0435783863067627,-3.004454917740077,-2.9983010878786445,-2.9999999376013875,-2.99750869628042
multivariate_regression/mvar_02036a,1,SGD,1,1,10.089924812316895,10.437077522277832,-0.08608296418969985,-0.08376088565273676,-2.9999999376013875,-2.99750869628042
multivariate_regression/mvar_02036a,1,SGD,1,8,8.109102249145508,8.45671272277832,-0.44894955959171057,-0.4471490322612226,-2.9999999376013875,-2.99750869628042
multivariate_regression/mvar_02036a,1,SGD,1,32,1.59967041015625,1.9588028192520142,-2.843665505759418,-2.843457675538957,-2.9999999376013875,-2.99750869628042
multivariate_regression/mvar_02036a,1,SGD,1,128,1.27680504322052,1.487862467765808,-3.026398736052215,-3.018719606101513,-2.9999999376013875,-2.99750869628042
multivariate_regression/mvar_02036a,1,SGD,1,256,0.9827309846878052,1.0209293365478516,-2.9946346981450915,-2.9754560869187117,-2.9999999376013875,-2.99750869628042
multivariate_regression/mvar_02036a,1,SGD,2,1,10.94485092163086,11.278464317321777,0.05752250353543786,0.05803741568524856,-2.9999999376013875,-2.99750869628042
multivariate_regression/mvar_02036a,1,SGD,2,8,9.009889602661133,9.345288276672363,-0.27689625474158674,-0.2764025268261321,-2.9999999376013875,-2.99750869628042
multivariate_regression/mvar_02036a,1,SGD,2,32,1.9057936668395996,2.24725341796875,-2.4236665749922395,-2.423083054367453,-2.9999999376013875,-2.99750869628042
multivariate_regression/mvar_02036a,1,SGD,2,128,1.2944021224975586,1.5076135396957397,-3.0802683997899294,-3.0722670760005713,-2.9999999376013875,-2.99750869628042
multivariate_regression/mvar_02036a,1,SGD,2,256,0.9860386252403259,1.0438169240951538,-3.083830237854272,-3.0694142538122833,-2.9999999376013875,-2.99750869628042
multivariate_regression/mvar_02036a,1,SGD,3,1,10.06412124633789,10.383726119995117,-0.09091484031523578,-0.09221219319442753,-2.9999999376013875,-2.99750869628042
multivariate_regression/mvar_02036a,1,SGD,3,8,8.355863571166992,8.687103271484375,-0.4020682889968157,-0.4026585250394419,-2.9999999376013875,-2.99750869628042
multivariate_regression/mvar_02036a,1,SGD,3,32,1.8977705240249634,2.2550010681152344,-2.4631708040833473,-2.462475505657494,-2.9999999376013875,-2.99750869628042
multivariate_regression/mvar_02036a,1,SGD,3,128,1.360079288482666,1.6082208156585693,-2.9963836492970586,-2.9954387368634343,-2.9999999376013875,-2.99750869628042
multivariate_regression/mvar_02036a,1,SGD,3,256,1.0808647871017456,1.1737561225891113,-2.864066394045949,-2.8602895266376436,-2.9999999376013875,-2.99750869628042
multivariate_regression/mvar_02036a,1,SGD,4,1,10.315309524536133,10.643468856811523,-0.04458505794900702,-0.044031836921931244,-2.9999999376013875,-2.99750869628042
multivariate_regression/mvar_02036a,1,SGD,4,8,8.15988540649414,8.508159637451172,-0.4350988286314532,-0.4322900108527392,-2.9999999376013875,-2.99750869628042
multivariate_regression/mvar_02036a,1,SGD,4,32,1.6258680820465088,1.9977848529815674,-2.7503826553002,-2.7363106617704034,-2.9999999376013875,-2.99750869628042
multivariate_regression/mvar_02036a,1,SGD,4,128,1.258402705192566,1.4916372299194336,-2.9632135834544897,-2.9489617878571153,-2.9999999376013875,-2.99750869628042
multivariate_regression/mvar_02036a,1,SGD,4,256,0.9291490316390991,0.9756681323051453,-2.9579530050978065,-2.9464969960972667,-2.9999999376013875,-2.99750869628042
multivariate_regression/mvar_02036a,1,SGD,5,1,10.497026443481445,10.801765441894531,-0.013801991270156577,-0.016342098839231767,-2.9999999376013875,-2.99750869628042
multivariate_regression/mvar_02036a,1,SGD,5,8,8.709041595458984,9.014076232910156,-0.3291733793448657,-0.33258601935813203,-2.9999999376013875,-2.99750869628042
multivariate_regression/mvar_02036a,1,SGD,5,32,1.8705792427062988,2.2110164165496826,-2.4335806723684072,-2.440448855049908,-2.9999999376013875,-2.99750869628042
multivariate_regression/mvar_02036a,1,SGD,5,128,1.2584583759307861,1.4595587253570557,-2.9650628454983234,-2.980346786789596,-2.9999999376013875,-2.99750869628042
multivariate_regression/mvar_02036a,1,SGD,5,256,0.9935092926025391,1.0545172691345215,-2.9831308270804584,-3.0057369456626475,-2.9999999376013875,-2.99750869628042
multivariate_regression/mvar_02036a,1,SGD,6,1,9.746649742126465,10.062957763671875,-0.1451305727532599,-0.14748422050615773,-2.9999999376013875,-2.99750869628042
multivariate_regression/mvar_02036a,1,SGD,6,8,7.973187446594238,8.296426773071289,-0.47485566523391753,-0.47689052973873913,-2.9999999376013875,-2.99750869628042
multivariate_regression/mvar_02036a,1,SGD,6,32,1.7489099502563477,2.0966005325317383,-2.5766372242942452,-2.5765456072986126,-2.9999999376013875,-2.99750869628042
multivariate_regression/mvar_02036a,1,SGD,6,128,1.315614104270935,1.5392167568206787,-2.95898677688092,-2.9671215442940593,-2.9999999376013875,-2.99750869628042
multivariate_regression/mvar_02036a,1,SGD,6,256,1.0437051057815552,1.1300370693206787,-3.108765901066363,-3.1225433917716146,-2.9999999376013875,-2.99750869628042
multivariate_regression/mvar_02036a,1,SGD,7,1,10.438042640686035,10.747967720031738,-0.027862896618898958,-0.0310358483257005,-2.9999999376013875,-2.99750869628042
multivariate_regression/mvar_02036a,1,SGD,7,8,8.359407424926758,8.673189163208008,-0.40052328701131046,-0.40424343768972903,-2.9999999376013875,-2.99750869628042
multivariate_regression/mvar_02036a,1,SGD,7,32,1.7007477283477783,2.043980598449707,-2.6318015037104487,-2.6355973705649376,-2.9999999376013875,-2.99750869628042
multivariate_regression/mvar_02036a,1,SGD,7,128,1.2165532112121582,1.408352017402649,-3.102421066723764,-3.0906699867919087,-2.9999999376013875,-2.99750869628042
multivariate_regression/mvar_02036a,1,SGD,7,256,0.905433177947998,0.9510483741760254,-2.911488966550678,-2.8875851640477777,-2.9999999376013875,-2.99750869628042
multivariate_regression/mvar_02036a,1,SGD,8,1,10.414266586303711,10.739034652709961,-0.028234676632564515,-0.028129800622991752,-2.9999999376013875,-2.99750869628042
multivariate_regression/mvar_02036a,1,SGD,8,8,8.514667510986328,8.846123695373535,-0.36738832853734493,-0.3666644192999229,-2.9999999376013875,-2.99750869628042
multivariate_regression/mvar_02036a,1,SGD,8,32,1.6935786008834839,2.0466976165771484,-2.6668435987085104,-2.6592959435656667,-2.9999999376013875,-2.99750869628042
multivariate_regression/mvar_02036a,1,SGD,8,128,1.3268290758132935,1.548777461051941,-2.9617837155237794,-2.9634761661291122,-2.9999999376013875,-2.99750869628042
multivariate_regression/mvar_02036a,1,SGD,8,256,1.0188722610473633,1.0774283409118652,-3.0318856677040458,-3.0451148990541697,-2.9999999376013875,-2.99750869628042
multivariate_regression/mvar_02036a,1,SGD,9,1,10.393867492675781,10.745478630065918,-0.03528281692706514,-0.03305439323594328,-2.9999999376013875,-2.99750869628042
multivariate_regression/mvar_02036a,1,SGD,9,8,8.414512634277344,8.769487380981445,-0.3874629855854437,-0.38423154689371586,-2.9999999376013875,-2.99750869628042
multivariate_regression/mvar_02036a,1,SGD,9,32,1.5583884716033936,1.9052560329437256,-2.8150655375793576,-2.807580118998885,-2.9999999376013875,-2.99750869628042
multivariate_regression/mvar_02036a,1,SGD,9,128,1.253152847290039,1.4476990699768066,-3.1106982501223683,-3.1077121971175075,-2.9999999376013875,-2.99750869628042
multivariate_regression/mvar_02036a,1,SGD,9,256,0.9258942008018494,0.9357278347015381,-3.0072235628031194,-3.012266067788005,-2.9999999376013875,-2.99750869628042
multivariate_regression/mvar_02036a,1,Adam,0,1,11.13677978515625,11.460330963134766,0.08958389259350952,0.08856275634025224,-2.9999999376013875,-2.99750869628042
multivariate_regression/mvar_02036a,1,Adam,0,8,10.522180557250977,10.849885940551758,-0.01120829107821919,-0.01187134646170307,-2.9999999376013875,-2.99750869628042
multivariate_regression/mvar_02036a,1,Adam,0,32,8.488058090209961,8.831548690795898,-0.37209594633895904,-0.37107402412220836,-2.9999999376013875,-2.99750869628042
multivariate_regression/mvar_02036a,1,Adam,0,128,1.6418514251708984,2.0000853538513184,-2.6465926924720407,-2.640712885186076,-2.9999999376013875,-2.99750869628042
multivariate_regression/mvar_02036a,1,Adam,0,256,1.1613049507141113,1.3683451414108276,-2.9300130596384406,-2.9176504649221897,-2.9999999376013875,-2.99750869628042
multivariate_regression/mvar_02036a,1,Adam,1,1,10.291330337524414,10.6381196975708,-0.05165611360280309,-0.049318710749503225,-2.9999999376013875,-2.99750869628042
multivariate_regression/mvar_02036a,1,Adam,1,8,9.761911392211914,10.109190940856934,-0.1427724899549503,-0.1404644132417161,-2.9999999376013875,-2.99750869628042
multivariate_regression/mvar_02036a,1,Adam,1,32,7.855585098266602,8.203773498535156,-0.49772111629135907,-0.49560028000269085,-2.9999999376013875,-2.99750869628042
multivariate_regression/mvar_02036a,1,Adam,1,128,1.5188055038452148,1.8647798299789429,-2.9121386194601655,-2.9029437555000186,-2.9999999376013875,-2.99750869628042
multivariate_regression/mvar_02036a,1,Adam,1,256,1.1464554071426392,1.3113675117492676,-2.955619538202882,-2.936539183370769,-2.9999999376013875,-2.99750869628042
multivariate_regression/mvar_02036a,1,Adam,2,1,11.170616149902344,11.503682136535645,0.09417647057853173,0.09464385507453699,-2.9999999376013875,-2.99750869628042
multivariate_regression/mvar_02036a,1,Adam,2,8,10.613577842712402,10.94655990600586,0.002659153426066041,0.0029739895835518837,-2.9999999376013875,-2.99750869628042
multivariate_regression/mvar_02036a,1,Adam,2,32,8.835831642150879,9.171306610107422,-0.3102395659079775,-0.3101496163289994,-2.9999999376013875,-2.99750869628042
multivariate_regression/mvar_02036a,1,Adam,2,128,1.7024145126342773,2.035752058029175,-2.6356550119817257,-2.641158896498382,-2.9999999376013875,-2.99750869628042
multivariate_regression/mvar_02036a,1,Adam,2,256,1.1996959447860718,1.3828279972076416,-2.9492365131154656,-2.9440773259848356,-2.9999999376013875,-2.99750869628042
multivariate_regression/mvar_02036a,1,Adam,3,1,10.229926109313965,10.548447608947754,-0.06243235415604431,-0.06377740368770901,-2.9999999376013875,-2.99750869628042
multivariate_regression/mvar_02036a,1,Adam,3,8,9.74203109741211,10.065153121948242,-0.14685318767442368,-0.14784521018736996,-2.9999999376013875,-2.99750869628042
multivariate_regression/mvar_02036a,1,Adam,3,32,8.14586067199707,8.481386184692383,-0.4424808770418167,-0.442598583875224,-2.9999999376013875,-2.99750869628042
multivariate_regression/mvar_02036a,1,Adam,3,128,1.7580561637878418,2.1080191135406494,-2.562729719094932,-2.56020974367857,-2.9999999376013875,-2.99750869628042
multivariate_regression/mvar_02036a,1,Adam,3,256,1.2322142124176025,1.4343297481536865,-2.9137050481513143,-2.9049138436093926,-2.9999999376013875,-2.99750869628042
multivariate_regression/mvar_02036a,1,Adam,4,1,10.523200988769531,10.84881591796875,-0.009560958147631027,-0.00927845349360723,-2.9999999376013875,-2.99750869628042
multivariate_regression/mvar_02036a,1,Adam,4,8,9.928540229797363,10.25892162322998,-0.11070438582100905,-0.10999072369304486,-2.9999999376013875,-2.99750869628042
multivariate_regression/mvar_02036a,1,Adam,4,32,8.024560928344727,8.369340896606445,-0.4614331864286214,-0.45924315275624394,-2.9999999376013875,-2.99750869628042
multivariate_regression/mvar_02036a,1,Adam,4,128,1.757346272468567,2.121797561645508,-2.553865564055741,-2.545379818417132,-2.9999999376013875,-2.99750869628042
multivariate_regression/mvar_02036a,1,Adam,4,256,1.2602365016937256,1.49204683303833,-2.9061337001621723,-2.896968557499349,-2.9999999376013875,-2.99750869628042
multivariate_regression/mvar_02036a,1,Adam,5,1,10.665254592895508,10.9697265625,0.01422025948704686,0.011722062394255772,-2.9999999376013875,-2.99750869628042
multivariate_regression/mvar_02036a,1,Adam,5,8,10.127492904663086,10.430912017822266,-0.07629497545713093,-0.07930455976747908,-2.9999999376013875,-2.99750869628042
multivariate_regression/mvar_02036a,1,Adam,5,32,8.291781425476074,8.596456527709961,-0.40891325450502336,-0.41332174534909427,-2.9999999376013875,-2.99750869628042
multivariate_regression/mvar_02036a,1,Adam,5,128,1.5920641422271729,1.9524281024932861,-2.78847676794976,-2.7911180881783366,-2.9999999376013875,-2.99750869628042
multivariate_regression/mvar_02036a,1,Adam,5,256,1.2126542329788208,1.4209892749786377,-2.9692844785749912,-2.9796443162485957,-2.9999999376013875,-2.99750869628042
multivariate_regression/mvar_02036a,1,Adam,6,1,9.90721607208252,10.222562789916992,-0.11706707833218388,-0.11946672544581816,-2.9999999376013875,-2.99750869628042
multivariate_regression/mvar_02036a,1,Adam,6,8,9.39697265625,9.7131986618042,-0.20668159943306819,-0.20901312411297113,-2.9999999376013875,-2.99750869628042
multivariate_regression/mvar_02036a,1,Adam,6,32,7.603071212768555,7.924253463745117,-0.5474339281208813,-0.5492934972280636,-2.9999999376013875,-2.99750869628042
multivariate_regression/mvar_02036a,1,Adam,6,128,1.584573745727539,1.9162592887878418,-2.7512593222782016,-2.749332368373871,-2.9999999376013875,-2.99750869628042
multivariate_regression/mvar_02036a,1,Adam,6,256,1.188556432723999,1.3709523677825928,-2.972055474296212,-2.9741367362439632,-2.9999999376013875,-2.99750869628042
multivariate_regression/mvar_02036a,1,Adam,7,1,10.669540405273438,10.978954315185547,0.010721935745095834,0.00756648532114923,-2.9999999376013875,-2.99750869628042
multivariate_regression/mvar_02036a,1,Adam,7,8,10.11644458770752,10.426894187927246,-0.0824835920939222,-0.0858387915941421,-2.9999999376013875,-2.99750869628042
multivariate_regression/mvar_02036a,1,Adam,7,32,8.236083984375,8.552270889282227,-0.42416511476039886,-0.4279004632262513,-2.9999999376013875,-2.99750869628042
multivariate_regression/mvar_02036a,1,Adam,7,128,1.719728708267212,2.066434144973755,-2.602997003123164,-2.6045576315373182,-2.9999999376013875,-2.99750869628042
multivariate_regression/mvar_02036a,1,Adam,7,256,1.220389485359192,1.4433302879333496,-2.9150400860235095,-2.899465619586408,-2.9999999376013875,-2.99750869628042
multivariate_regression/mvar_02036a,1,Adam,8,1,10.63569450378418,10.96054458618164,0.008795989851932973,0.008927100032451563,-2.9999999376013875,-2.99750869628042
multivariate_regression/mvar_02036a,1,Adam,8,8,10.129199981689453,10.456501960754395,-0.07660601839597803,-0.07622233097208664,-2.9999999376013875,-2.99750869628042
multivariate_regression/mvar_02036a,1,Adam,8,32,8.45991039276123,8.799553871154785,-0.37761669408064336,-0.3755941952113062,-2.9999999376013875,-2.99750869628042
multivariate_regression/mvar_02036a,1,Adam,8,128,1.8797738552093506,2.233896255493164,-2.4357596123591065,-2.426114802248776,-2.9999999376013875,-2.99750869628042
multivariate_regression/mvar_02036a,1,Adam,8,256,1.283706784248352,1.505302906036377,-2.9513837853446603,-2.945868479087949,-2.9999999376013875,-2.99750869628042
multivariate_regression/mvar_02036a,1,Adam,9,1,10.573102951049805,10.923917770385742,-0.005448879128380213,-0.0033999800361925736,-2.9999999376013875,-2.99750869628042
multivariate_regression/mvar_02036a,1,Adam,9,8,10.026327133178711,10.377891540527344,-0.09754969633650035,-0.0953646059933817,-2.9999999376013875,-2.99750869628042
multivariate_regression/mvar_02036a,1,Adam,9,32,8.066253662109375,8.41996955871582,-0.45514058356639,-0.4526016943855211,-2.9999999376013875,-2.99750869628042
multivariate_regression/mvar_02036a,1,Adam,9,128,1.548364281654358,1.9027704000473022,-2.877720602788031,-2.874518971890211,-2.9999999376013875,-2.99750869628042
multivariate_regression/mvar_02036a,1,Adam,9,256,1.1866252422332764,1.3723024129867554,-2.98999354057014,-2.988095629028976,-2.9999999376013875,-2.99750869628042
multivariate_regression/mvar_02036a,2,SGD,0,1,1.602776050567627,1.9466345310211182,0.10904984200897161,0.10792335540463682,-4.7497451305389404e-08,0.0024911975488066673
multivariate_regression/mvar_02036a,2,SGD,0,8,1.5954506397247314,1.9380712509155273,0.09355991556367371,0.09241127836867236,-4.7497451305389404e-08,0.0024911975488066673
multivariate_regression/mvar_02036a,2,SGD,0,32,1.5752525329589844,1.9143109321594238,0.041094906664511655,0.04008724331652047,-4.7497451305389404e-08,0.0024911975488066673
multivariate_regression/mvar_02036a,2,SGD,0,128,1.5169094800949097,1.8356959819793701,0.014363992755534127,0.013386105660174508,-4.7497451305389404e-08,0.0024911975488066673
multivariate_regression/mvar_02036a,2,SGD,0,256,1.4133127927780151,1.6902813911437988,0.016782707585662138,0.016344435993232764,-4.7497451305389404e-08,0.0024911975488066673
multivariate_regression/mvar_02036a,2,SGD,1,1,1.5998622179031372,1.9473578929901123,-0.038724404585082084,-0.03638434202730423,-4.7497451305389404e-08,0.0024911975488066673
multivariate_regression/mvar_02036a,2,SGD,1,8,1.596837043762207,1.9430561065673828,-0.03389395072008483,-0.03151290248933947,-4.7497451305389404e-08,0.0024911975488066673
multivariate_regression/mvar_02036a,2,SGD,1,32,1.5868396759033203,1.928636908531189,-0.02575927680300083,-0.0233662341706804,-4.7497451305389404e-08,0.0024911975488066673
multivariate_regression/mvar_02036a,2,SGD,1,128,1.548956274986267,1.8731482028961182,-0.0136508555006003,-0.011036555224563926,-4.7497451305389404e-08,0.0024911975488066673
multivariate_regression/mvar_02036a,2,SGD,1,256,1.4830745458602905,1.77545166015625,-0.014892897816025652,-0.01170080003066687,-4.7497451305389404e-08,0.0024911975488066673
multivariate_regression/mvar_02036a,2,SGD,2,1,1.607426404953003,1.9523972272872925,0.10620808303065132,0.10671275648201117,-4.7497451305389404e-08,0.0024911975488066673
multivariate_regression/mvar_02036a,2,SGD,2,8,1.6008622646331787,1.944545030593872,0.08901567669818178,0.0894759852453717,-4.7497451305389404e-08,0.0024911975488066673
multivariate_regression/mvar_02036a,2,SGD,2,32,1.5868587493896484,1.926020860671997,0.07376083874260075,0.07432414063805481,-4.7497451305389404e-08,0.0024911975488066673
multivariate_regression/mvar_02036a,2,SGD,2,128,1.5375193357467651,1.858506679534912,0.02447138571733376,0.025493071818345925,-4.7497451305389404e-08,0.0024911975488066673
multivariate_regression/mvar_02036a,2,SGD,2,256,1.4624366760253906,1.7505121231079102,0.01900454157294007,0.02047881856560707,-4.7497451305389404e-08,0.0024911975488066673
multivariate_regression/mvar_02036a,2,SGD,3,1,1.6022729873657227,1.943164587020874,-0.0473051793378545,-0.04868762269325089,-4.7497451305389404e-08,0.0024911975488066673
multivariate_regression/mvar_02036a,2,SGD,3,8,1.5994899272918701,1.9392361640930176,-0.0489576856198255,-0.050246205370058306,-4.7497451305389404e-08,0.0024911975488066673
multivariate_regression/mvar_02036a,2,SGD,3,32,1.5878169536590576,1.9229220151901245,-0.022600810174481012,-0.02365046998602338,-4.7497451305389404e-08,0.0024911975488066673
multivariate_regression/mvar_02036a,2,SGD,3,128,1.548137903213501,1.8654909133911133,0.023313074649195187,0.02310061284515541,-4.7497451305389404e-08,0.0024911975488066673
multivariate_regression/mvar_02036a,2,SGD,3,256,1.483015775680542,1.7698829174041748,0.06779742323851679,0.06939485968905501,-4.7497451305389404e-08,0.0024911975488066673
multivariate_regression/mvar_02036a,2,SGD,4,1,1.5797133445739746,1.9177193641662598,0.01136246644455241,0.011541662228410132,-4.7497451305389404e-08,0.0024911975488066673
multivariate_regression/mvar_02036a,2,SGD,4,8,1.576291799545288,1.9129106998443604,0.007733660957455868,0.007933669388876297,-4.7497451305389404e-08,0.0024911975488066673
multivariate_regression/mvar_02036a,2,SGD,4,32,1.5638444423675537,1.8956577777862549,0.006084522981836926,0.006610890904994449,-4.7497451305389404e-08,0.0024911975488066673
multivariate_regression/mvar_02036a,2,SGD,4,128,1.511062741279602,1.82094144821167,0.01759496806334937,0.01886521642882144,-4.7497451305389404e-08,0.0024911975488066673
multivariate_regression/mvar_02036a,2,SGD,4,256,1.3986183404922485,1.659978985786438,0.03883232543012127,0.04135929296899121,-4.7497451305389404e-08,0.0024911975488066673
multivariate_regression/mvar_02036a,2,SGD,5,1,1.5800926685333252,1.9139430522918701,0.02918365757795982,0.026743685913970694,-4.7497451305389404e-08,0.0024911975488066673
multivariate_regression/mvar_02036a,2,SGD,5,8,1.576570987701416,1.9091260433197021,0.020930066690198146,0.018345615302678198,-4.7497451305389404e-08,0.0024911975488066673
multivariate_regression/mvar_02036a,2,SGD,5,32,1.564833164215088,1.8920280933380127,0.01796828421356622,0.015016433681012131,-4.7497451305389404e-08,0.0024911975488066673
multivariate_regression/mvar_02036a,2,SGD,5,128,1.516223430633545,1.8215484619140625,-0.011557103411178105,-0.015265982729033567,-4.7497451305389404e-08,0.0024911975488066673
multivariate_regression/mvar_02036a,2,SGD,5,256,1.429304838180542,1.692714810371399,0.012057909741997719,0.006119761033914983,-4.7497451305389404e-08,0.0024911975488066673
multivariate_regression/mvar_02036a,2,SGD,6,1,1.6062837839126587,1.9506828784942627,-0.10264625349373091,-0.10506340792926494,-4.7497451305389404e-08,0.0024911975488066673
multivariate_regression/mvar_02036a,2,SGD,6,8,1.6014392375946045,1.9441554546356201,-0.09267826651921496,-0.09520410129334778,-4.7497451305389404e-08,0.0024911975488066673
multivariate_regression/mvar_02036a,2,SGD,6,32,1.58601975440979,1.9233953952789307,-0.04395912453037454,-0.0469253308729094,-4.7497451305389404e-08,0.0024911975488066673
multivariate_regression/mvar_02036a,2,SGD,6,128,1.5504447221755981,1.8695502281188965,-0.008288716819151887,-0.012801587634385214,-4.7497451305389404e-08,0.0024911975488066673
multivariate_regression/mvar_02036a,2,SGD,6,256,1.4952303171157837,1.7851449251174927,-0.0006543145718751475,-0.007760647713439539,-4.7497451305389404e-08,0.0024911975488066673
multivariate_regression/mvar_02036a,2,SGD,7,1,1.605090618133545,1.9479093551635742,0.021786955854622647,0.01867873988521751,-4.7497451305389404e-08,0.0024911975488066673
multivariate_regression/mvar_02036a,2,SGD,7,8,1.6022639274597168,1.9440034627914429,0.018986058130394667,0.015887266737991013,-4.7497451305389404e-08,0.0024911975488066673
multivariate_regression/mvar_02036a,2,SGD,7,32,1.5908445119857788,1.9282851219177246,0.015680774027714506,0.012926153794978745,-4.7497451305389404e-08,0.0024911975488066673
multivariate_regression/mvar_02036a,2,SGD,7,128,1.5468242168426514,1.8667380809783936,-0.023726032886770554,-0.025642077176598832,-4.7497451305389404e-08,0.0024911975488066673
multivariate_regression/mvar_02036a,2,SGD,7,256,1.4689605236053467,1.7556434869766235,0.010814262219355442,0.010579945825156756,-4.7497451305389404e-08,0.0024911975488066673
multivariate_regression/mvar_02036a,2,SGD,8,1,1.5829588174819946,1.9217414855957031,0.019627183843113016,0.019725088619452436,-4.7497451305389404e-08,0.0024911975488066673
multivariate_regression/mvar_02036a,2,SGD,8,8,1.5807156562805176,1.9184303283691406,0.018837431060092058,0.018803898768965155,-4.7497451305389404e-08,0.0024911975488066673
multivariate_regression/mvar_02036a,2,SGD,8,32,1.57339346408844,1.9079217910766602,0.002681572259461973,0.002456649082887452,-4.7497451305389404e-08,0.0024911975488066673
multivariate_regression/mvar_02036a,2,SGD,8,128,1.5419560670852661,1.8618066310882568,0.0009910239314194769,-0.00013015235163038597,-4.7497451305389404e-08,0.0024911975488066673
multivariate_regression/mvar_02036a,2,SGD,8,256,1.485888123512268,1.7786686420440674,0.0159437726251781,0.01285218441626057,-4.7497451305389404e-08,0.0024911975488066673
multivariate_regression/mvar_02036a,2,SGD,9,1,1.6060293912887573,1.959355354309082,0.008745013197767548,0.010811102562001906,-4.7497451305389404e-08,0.0024911975488066673
multivariate_regression/mvar_02036a,2,SGD,9,8,1.6030023097991943,1.9549895524978638,0.0013328931599971838,0.003368954116012901,-4.7497451305389404e-08,0.0024911975488066673
multivariate_regression/mvar_02036a,2,SGD,9,32,1.5925779342651367,1.9390113353729248,-0.014300112787168473,-0.012653599012992345,-4.7497451305389404e-08,0.0024911975488066673
multivariate_regression/mvar_02036a,2,SGD,9,128,1.556855320930481,1.8838073015213013,-0.061369060931610875,-0.059623579028993845,-4.7497451305389404e-08,0.0024911975488066673
multivariate_regression/mvar_02036a,2,SGD,9,256,1.4890117645263672,1.7803986072540283,-0.04252829761389876,-0.04027130926260725,-4.7497451305389404e-08,0.0024911975488066673
multivariate_regression/mvar_02036a,2,Adam,0,1,1.602512001991272,1.9453792572021484,0.11519564803165849,0.11400200313073583,-4.7497451305389404e-08,0.0024911975488066673
multivariate_regression/mvar_02036a,2,Adam,0,8,1.5789480209350586,1.9152483940124512,0.08503655392996734,0.083569345275464,-4.7497451305389404e-08,0.0024911975488066673
multivariate_regression/mvar_02036a,2,Adam,0,32,1.5063831806182861,1.8207626342773438,-0.03004480808886001,-0.030968788894824684,-4.7497451305389404e-08,0.0024911975488066673
multivariate_regression/mvar_02036a,2,Adam,0,128,1.055851936340332,1.157627820968628,0.1357659679488279,0.14403303743893048,-4.7497451305389404e-08,0.0024911975488066673
multivariate_regression/mvar_02036a,2,Adam,0,256,0.7500008344650269,0.7528752088546753,0.02804793779796455,0.06056315735622775,-4.7497451305389404e-08,0.0024911975488066673
multivariate_regression/mvar_02036a,2,Adam,1,1,1.5972557067871094,1.9437952041625977,-0.038760045972594526,-0.036402910358447116,-4.7497451305389404e-08,0.0024911975488066673
multivariate_regression/mvar_02036a,2,Adam,1,8,1.5779633522033691,1.916194200515747,-0.016115237223857548,-0.013435352353553753,-4.7497451305389404e-08,0.0024911975488066673
multivariate_regression/mvar_02036a,2,Adam,1,32,1.5150747299194336,1.8235745429992676,-0.0016536976690986194,0.0013480913476087153,-4.7497451305389404e-08,0.0024911975488066673
multivariate_regression/mvar_02036a,2,Adam,1,128,1.0239022970199585,1.0705409049987793,-0.03448328754166141,-0.02107460141996853,-4.7497451305389404e-08,0.0024911975488066673
multivariate_regression/mvar_02036a,2,Adam,1,256,0.770553469657898,0.741728663444519,-0.09800971303775441,-0.0638619984529214,-4.7497451305389404e-08,0.0024911975488066673
multivariate_regression/mvar_02036a,2,Adam,2,1,1.6040799617767334,1.9483087062835693,0.10126690875040367,0.10178112910216441,-4.7497451305389404e-08,0.0024911975488066673
multivariate_regression/mvar_02036a,2,Adam,2,8,1.5843321084976196,1.9233616590499878,0.057497244655678514,0.05774837745411787,-4.7497451305389404e-08,0.0024911975488066673
multivariate_regression/mvar_02036a,2,Adam,2,32,1.5245088338851929,1.8377413749694824,0.05751983296795515,0.057347235226188786,-4.7497451305389404e-08,0.0024911975488066673
multivariate_regression/mvar_02036a,2,Adam,2,128,1.0831434726715088,1.1854618787765503,0.03021899353916524,0.03934664344706107,-4.7497451305389404e-08,0.0024911975488066673
multivariate_regression/mvar_02036a,2,Adam,2,256,0.7267200946807861,0.7373191118240356,-0.027977552672382444,0.005586090788710862,-4.7497451305389404e-08,0.0024911975488066673
multivariate_regression/mvar_02036a,2,Adam,3,1,1.6002895832061768,1.94032621383667,-0.0398554628045531,-0.04122006850957405,-4.7497451305389404e-08,0.0024911975488066673
multivariate_regression/mvar_02036a,2,Adam,3,8,1.5849113464355469,1.9186922311782837,-0.03658054643892683,-0.037558412717771716,-4.7497451305389404e-08,0.0024911975488066673
multivariate_regression/mvar_02036a,2,Adam,3,32,1.5287832021713257,1.837350606918335,0.01845089692506008,0.01873845304362476,-4.7497451305389404e-08,0.0024911975488066673
multivariate_regression/mvar_02036a,2,Adam,3,128,1.0841162204742432,1.1759154796600342,0.01843544843723066,0.02948354117688723,-4.7497451305389404e-08,0.0024911975488066673
multivariate_regression/mvar_02036a,2,Adam,3,256,0.781323254108429,0.787541389465332,0.10508221168129239,0.13126911148719955,-4.7497451305389404e-08,0.0024911975488066673
multivariate_regression/mvar_02036a,2,Adam,4,1,1.5787756443023682,1.916083812713623,0.01727325134561397,0.017417772207409143,-4.7497451305389404e-08,0.0024911975488066673
multivariate_regression/mvar_02036a,2,Adam,4,8,1.5607255697250366,1.8890442848205566,0.03308601358003216,0.03298275893757818,-4.7497451305389404e-08,0.0024911975488066673
multivariate_regression/mvar_02036a,2,Adam,4,32,1.4893872737884521,1.7905120849609375,0.01653729679674143,0.017339489757432602,-4.7497451305389404e-08,0.0024911975488066673
multivariate_regression/mvar_02036a,2,Adam,4,128,0.9357351064682007,0.9953392744064331,0.012973183860594872,0.02996362445264822,-4.7497451305389404e-08,0.0024911975488066673
multivariate_regression/mvar_02036a,2,Adam,4,256,0.7371789216995239,0.742851734161377,0.07644103893107967,0.1127124148333678,-4.7497451305389404e-08,0.0024911975488066673
multivariate_regression/mvar_02036a,2,Adam,5,1,1.5781986713409424,1.9108107089996338,0.035074058250756934,0.03255195001838729,-4.7497451305389404e-08,0.0024911975488066673
multivariate_regression/mvar_02036a,2,Adam,5,8,1.559388518333435,1.8838486671447754,0.02470225618162658,0.021253710350720212,-4.7497451305389404e-08,0.0024911975488066673
multivariate_regression/mvar_02036a,2,Adam,5,32,1.490506887435913,1.7828571796417236,0.001228195775183849,-0.004838818989810534,-4.7497451305389404e-08,0.0024911975488066673
multivariate_regression/mvar_02036a,2,Adam,5,128,0.9818477630615234,1.0022249221801758,0.02486986230360344,0.022411642436054535,-4.7497451305389404e-08,0.0024911975488066673
multivariate_regression/mvar_02036a,2,Adam,5,256,0.7356364130973816,0.7374582290649414,0.04623902210732922,0.07315549382474273,-4.7497451305389404e-08,0.0024911975488066673
multivariate_regression/mvar_02036a,2,Adam,6,1,1.6028920412063599,1.9461617469787598,-0.09642062088823877,-0.09890913488925435,-4.7497451305389404e-08,0.0024911975488066673
multivariate_regression/mvar_02036a,2,Adam,6,8,1.580435872077942,1.9143120050430298,-0.06313041766406968,-0.0661688971958938,-4.7497451305389404e-08,0.0024911975488066673
multivariate_regression/mvar_02036a,2,Adam,6,32,1.5254478454589844,1.829545021057129,0.05213299025854212,0.04684696100957808,-4.7497451305389404e-08,0.0024911975488066673
multivariate_regression/mvar_02036a,2,Adam,6,128,1.0572597980499268,1.1228859424591064,0.035396991203015205,0.01121562370826723,-4.7497451305389404e-08,0.0024911975488066673
multivariate_regression/mvar_02036a,2,Adam,6,256,0.7333828210830688,0.7359468936920166,-0.05721871319110505,-0.021561235764238518,-4.7497451305389404e-08,0.0024911975488066673
multivariate_regression/mvar_02036a,2,Adam,7,1,1.6025863885879517,1.9445900917053223,0.017278032770263962,0.014241368684452027,-4.7497451305389404e-08,0.0024911975488066673
multivariate_regression/mvar_02036a,2,Adam,7,8,1.5836961269378662,1.9179978370666504,0.0043957782472716644,0.0015370472974609584,-4.7497451305389404e-08,0.0024911975488066673
multivariate_regression/mvar_02036a,2,Adam,7,32,1.5196471214294434,1.8282079696655273,-3.231129085179418e-05,-0.0015727101999800652,-4.7497451305389404e-08,0.0024911975488066673
multivariate_regression/mvar_02036a,2,Adam,7,128,1.0659902095794678,1.1767730712890625,-0.019894772573024966,-0.0006769625324523076,-4.7497451305389404e-08,0.0024911975488066673
multivariate_regression/mvar_02036a,2,Adam,7,256,0.7056269645690918,0.7309026122093201,0.02573982733883895,0.06675110093783587,-4.7497451305389404e-08,0.0024911975488066673
multivariate_regression/mvar_02036a,2,Adam,8,1,1.5809707641601562,1.9188694953918457,0.01400728004227858,0.014071821155084763,-4.7497451305389404e-08,0.0024911975488066673
multivariate_regression/mvar_02036a,2,Adam,8,8,1.567325472831726,1.8986573219299316,-0.0015931290181470104,-0.0021032106815255247,-4.7497451305389404e-08,0.0024911975488066673
multivariate_regression/mvar_02036a,2,Adam,8,32,1.5169235467910767,1.825232982635498,-0.017643899693212006,-0.019686176354298368,-4.7497451305389404e-08,0.0024911975488066673
multivariate_regression/mvar_02036a,2,Adam,8,128,1.064894199371338,1.1563005447387695,0.0179796683951281,0.01295921606651973,-4.7497451305389404e-08,0.0024911975488066673
multivariate_regression/mvar_02036a,2,Adam,8,256,0.7310827970504761,0.7468990087509155,-0.023131322028348222,0.010931884258752689,-4.7497451305389404e-08,0.0024911975488066673
multivariate_regression/mvar_02036a,2,Adam,9,1,1.6041203737258911,1.9564552307128906,0.01325981428817613,0.015623279658029787,-4.7497451305389404e-08,0.0024911975488066673
multivariate_regression/mvar_02036a,2,Adam,9,8,1.5881068706512451,1.9333207607269287,-0.0051080696794088,-0.0023586198512930423,-4.7497451305389404e-08,0.0024911975488066673
multivariate_regression/mvar_02036a,2,Adam,9,32,1.531923770904541,1.8475342988967896,-0.023019180669507477,-0.02205862259870628,-4.7497451305389404e-08,0.0024911975488066673
multivariate_regression/mvar_02036a,2,Adam,9,128,1.0528221130371094,1.0988850593566895,-0.0041492624368402176,-0.008550401085813064,-4.7497451305389404e-08,0.0024911975488066673
multivariate_regression/mvar_02036a,2,Adam,9,256,0.7459668517112732,0.7269999980926514,-0.10164467521826737,-0.08258750694221817,-4.7497451305389404e-08,0.0024911975488066673
multivariate_regression/mvar_02036a,3,SGD,0,1,9.597291946411133,9.962564468383789,0.17036902098334394,0.1689707344630733,2.999999975087121,3.002491208491847
multivariate_regression/mvar_02036a,3,SGD,0,8,7.258304595947266,7.616156101226807,0.6177163248648867,0.6149582575308159,2.999999975087121,3.002491208491847
multivariate_regression/mvar_02036a,3,SGD,0,32,1.5576870441436768,1.8306611776351929,2.8045780872926116,2.796629306860268,2.999999975087121,3.002491208491847
multivariate_regression/mvar_02036a,3,SGD,0,128,1.1995397806167603,1.3334259986877441,3.070684690028429,3.0678426106460392,2.999999975087121,3.002491208491847
multivariate_regression/mvar_02036a,3,SGD,0,256,0.9452723264694214,0.9544517993927002,2.9925033189356327,3.0051809665746987,2.999999975087121,3.002491208491847
multivariate_regression/mvar_02036a,3,SGD,1,1,10.54766845703125,10.89532470703125,0.008349672054464463,0.010701189195970073,2.999999975087121,3.002491208491847
multivariate_regression/mvar_02036a,3,SGD,1,8,8.630711555480957,8.972014427185059,0.3465899843722582,0.3489603128982708,2.999999975087121,3.002491208491847
multivariate_regression/mvar_02036a,3,SGD,1,32,1.8142187595367432,2.102752208709717,2.472093424759805,2.470902083441615,2.999999975087121,3.002491208491847
multivariate_regression/mvar_02036a,3,SGD,1,128,1.243407964706421,1.3713487386703491,2.9944805479608476,2.9945871578529477,2.999999975087121,3.002491208491847
multivariate_regression/mvar_02036a,3,SGD,1,256,0.9839738607406616,0.9647185802459717,3.017679000273347,3.025104333180934,2.999999975087121,3.002491208491847
multivariate_regression/mvar_02036a,3,SGD,2,1,9.686245918273926,10.042715072631836,0.15564733953215182,0.15613502557971515,2.999999975087121,3.002491208491847
multivariate_regression/mvar_02036a,3,SGD,2,8,7.68808650970459,8.042352676391602,0.5312298071803525,0.5311417310731485,2.999999975087121,3.002491208491847
multivariate_regression/mvar_02036a,3,SGD,2,32,1.6177196502685547,1.9204832315444946,2.7484935522079468,2.744184672832489,2.999999975087121,3.002491208491847
multivariate_regression/mvar_02036a,3,SGD,2,128,1.2513058185577393,1.4112765789031982,2.913466263562441,2.91701626079157,2.999999975087121,3.002491208491847
multivariate_regression/mvar_02036a,3,SGD,2,256,0.9823688268661499,1.007101058959961,2.924915036652237,2.9379390352405608,2.999999975087121,3.002491208491847
multivariate_regression/mvar_02036a,3,SGD,3,1,10.619613647460938,10.982779502868652,-0.003478829596133437,-0.0049430382932769135,2.999999975087121,3.002491208491847
multivariate_regression/mvar_02036a,3,SGD,3,8,8.717022895812988,9.071308135986328,0.3297056286246516,0.327599088428542,2.999999975087121,3.002491208491847
multivariate_regression/mvar_02036a,3,SGD,3,32,1.5759119987487793,1.849055290222168,2.7438386818394065,2.741252071224153,2.999999975087121,3.002491208491847
multivariate_regression/mvar_02036a,3,SGD,3,128,1.2098753452301025,1.3384463787078857,2.9987898152321577,2.9999331794679165,2.999999975087121,3.002491208491847
multivariate_regression/mvar_02036a,3,SGD,3,256,0.9877275228500366,0.983510434627533,3.1406593113206327,3.1533740907907486,2.999999975087121,3.002491208491847
multivariate_regression/mvar_02036a,3,SGD,4,1,10.175868034362793,10.5281343460083,0.0678480846399907,0.06765109353000298,2.999999975087121,3.002491208491847
multivariate_regression/mvar_02036a,3,SGD,4,8,7.752351760864258,8.101395606994629,0.5128019193653017,0.5099028353579342,2.999999975087121,3.002491208491847
multivariate_regression/mvar_02036a,3,SGD,4,32,1.4815456867218018,1.7217315435409546,2.867774615995586,2.8544889241456985,2.999999975087121,3.002491208491847
multivariate_regression/mvar_02036a,3,SGD,4,128,1.1461899280548096,1.2384012937545776,3.04614274809137,3.039432052988559,2.999999975087121,3.002491208491847
multivariate_regression/mvar_02036a,3,SGD,4,256,0.9085075855255127,0.8688327074050903,3.0309123932383955,3.033970477525145,2.999999975087121,3.002491208491847
multivariate_regression/mvar_02036a,3,SGD,5,1,10.150263786315918,10.511990547180176,0.07230237626936287,0.06997446500463411,2.999999975087121,3.002491208491847
multivariate_regression/mvar_02036a,3,SGD,5,8,8.411109924316406,8.758537292480469,0.3853788460837677,0.3842255948111415,2.999999975087121,3.002491208491847
multivariate_regression/mvar_02036a,3,SGD,5,32,1.6100151538848877,1.8702287673950195,2.6824135007336736,2.686104887165129,2.999999975087121,3.002491208491847
multivariate_regression/mvar_02036a,3,SGD,5,128,1.1638638973236084,1.248128056526184,3.0248055467382073,3.0235615046694875,2.999999975087121,3.002491208491847
multivariate_regression/mvar_02036a,3,SGD,5,256,0.9503656625747681,0.93681800365448,3.0400031581521034,3.0445659812539816,2.999999975087121,3.002491208491847
multivariate_regression/mvar_02036a,3,SGD,6,1,10.96363639831543,11.33686637878418,-0.060804429620475275,-0.06328224335447885,2.999999975087121,3.002491208491847
multivariate_regression/mvar_02036a,3,SGD,6,8,9.30774211883545,9.677316665649414,0.2215812814538367,0.2182383185136132,2.999999975087121,3.002491208491847
multivariate_regression/mvar_02036a,3,SGD,6,32,2.1172707080841064,2.430978298187256,2.2468078932724893,2.2342367633245885,2.999999975087121,3.002491208491847
multivariate_regression/mvar_02036a,3,SGD,6,128,1.2895400524139404,1.4245929718017578,3.045438813045621,3.018391702324152,2.999999975087121,3.002491208491847
multivariate_regression/mvar_02036a,3,SGD,6,256,1.0314792394638062,1.0473345518112183,2.8964824434369802,2.8678058553487062,2.999999975087121,3.002491208491847
multivariate_regression/mvar_02036a,3,SGD,7,1,10.181252479553223,10.556133270263672,0.0714342811552342,0.0684005188086303,2.999999975087121,3.002491208491847
multivariate_regression/mvar_02036a,3,SGD,7,8,8.198009490966797,8.561603546142578,0.43178131559398025,0.42902016814332455,2.999999975087121,3.002491208491847
multivariate_regression/mvar_02036a,3,SGD,7,32,1.6309683322906494,1.9182398319244385,2.738840341567993,2.7413078164681792,2.999999975087121,3.002491208491847
multivariate_regression/mvar_02036a,3,SGD,7,128,1.2633285522460938,1.4050335884094238,2.8960298970341682,2.9139909404329956,2.999999975087121,3.002491208491847
multivariate_regression/mvar_02036a,3,SGD,7,256,0.9975168704986572,1.008094310760498,3.1287195370532572,3.161060529295355,2.999999975087121,3.002491208491847
multivariate_regression/mvar_02036a,3,SGD,8,1,10.18018913269043,10.533053398132324,0.06778100290102884,0.06787421145418193,2.999999975087121,3.002491208491847
multivariate_regression/mvar_02036a,3,SGD,8,8,8.153138160705566,8.503618240356445,0.435448354575783,0.4349911760073155,2.999999975087121,3.002491208491847
multivariate_regression/mvar_02036a,3,SGD,8,32,1.637399435043335,1.9437178373336792,2.675854050554335,2.6722002932801843,2.999999975087121,3.002491208491847
multivariate_regression/mvar_02036a,3,SGD,8,128,1.283106803894043,1.4584009647369385,3.0465963408350945,3.039191805757582,2.999999975087121,3.002491208491847
multivariate_regression/mvar_02036a,3,SGD,8,256,1.0050842761993408,1.0373799800872803,2.9934794222936034,2.988007413223386,2.999999975087121,3.002491208491847
multivariate_regression/mvar_02036a,3,SGD,9,1,10.295340538024902,10.652301788330078,0.05249780941812787,0.054401366600359324,2.999999975087121,3.002491208491847
multivariate_regression/mvar_02036a,3,SGD,9,8,8.607946395874023,8.967720031738281,0.35622481268364936,0.35780102550052106,2.999999975087121,3.002491208491847
multivariate_regression/mvar_02036a,3,SGD,9,32,1.8661426305770874,2.1996231079101562,2.5190781326964498,2.516051847487688,2.999999975087121,3.002491208491847
multivariate_regression/mvar_02036a,3,SGD,9,128,1.381575107574463,1.5692803859710693,2.9035942498594522,2.896373249590397,2.999999975087121,3.002491208491847
multivariate_regression/mvar_02036a,3,SGD,9,256,1.0800540447235107,1.1017543077468872,2.956696832086891,2.949593417812139,2.999999975087121,3.002491208491847
multivariate_regression/mvar_02036a,3,Adam,0,1,9.893512725830078,10.259256362915039,0.11870481986261439,0.11755385911965277,2.999999975087121,3.002491208491847
multivariate_regression/mvar_02036a,3,Adam,0,8,9.317648887634277,9.681984901428223,0.22040451684733853,0.21901855256874114,2.999999975087121,3.002491208491847
multivariate_regression/mvar_02036a,3,Adam,0,32,7.343932151794434,7.700343608856201,0.6014524633064866,0.5994445626856759,2.999999975087121,3.002491208491847
multivariate_regression/mvar_02036a,3,Adam,0,128,1.496814489364624,1.7554473876953125,2.936096703633666,2.929512965492904,2.999999975087121,3.002491208491847
multivariate_regression/mvar_02036a,3,Adam,0,256,1.061666488647461,1.1290864944458008,3.0179642629809678,3.0203971676528454,2.999999975087121,3.002491208491847
multivariate_regression/mvar_02036a,3,Adam,1,1,10.754369735717773,11.102736473083496,-0.025861171241558623,-0.023529124897322617,2.999999975087121,3.002491208491847
multivariate_regression/mvar_02036a,3,Adam,1,8,10.220821380615234,10.567827224731445,0.06340831890702248,0.065719197227736,2.999999975087121,3.002491208491847
multivariate_regression/mvar_02036a,3,Adam,1,32,8.459562301635742,8.80483627319336,0.37962409667670727,0.3812095234170556,2.999999975087121,3.002491208491847
multivariate_regression/mvar_02036a,3,Adam,1,128,1.684694528579712,1.9695792198181152,2.600417587906122,2.5969234462827444,2.999999975087121,3.002491208491847
multivariate_regression/mvar_02036a,3,Adam,1,256,1.1454243659973145,1.2181477546691895,2.9718712409958243,2.9678464708849788,2.999999975087121,3.002491208491847
multivariate_regression/mvar_02036a,3,Adam,2,1,9.885049819946289,10.241718292236328,0.1209417442441918,0.12146332306292607,2.999999975087121,3.002491208491847
multivariate_regression/mvar_02036a,3,Adam,2,8,9.345970153808594,9.700681686401367,0.2156665330985561,0.21624049669480883,2.999999975087121,3.002491208491847
multivariate_regression/mvar_02036a,3,Adam,2,32,7.449636459350586,7.797717094421387,0.5781538013834506,0.5785111782606691,2.999999975087121,3.002491208491847
multivariate_regression/mvar_02036a,3,Adam,2,128,1.5273289680480957,1.8152493238449097,2.8610743982717395,2.859259646385908,2.999999975087121,3.002491208491847
multivariate_regression/mvar_02036a,3,Adam,2,256,1.1649188995361328,1.2935869693756104,2.9877992128022015,2.9867796669714153,2.999999975087121,3.002491208491847
multivariate_regression/mvar_02036a,3,Adam,3,1,10.82911491394043,11.193281173706055,-0.037934909443720244,-0.03936329038697295,2.999999975087121,3.002491208491847
multivariate_regression/mvar_02036a,3,Adam,3,8,10.310187339782715,10.672648429870605,0.04824640975857619,0.04652722612081561,2.999999975087121,3.002491208491847
multivariate_regression/mvar_02036a,3,Adam,3,32,8.437215805053711,8.789680480957031,0.38282745552714914,0.3805003750603646,2.999999975087121,3.002491208491847
multivariate_regression/mvar_02036a,3,Adam,3,128,1.5413402318954468,1.8135530948638916,2.843535707332194,2.8400578275322914,2.999999975087121,3.002491208491847
multivariate_regression/mvar_02036a,3,Adam,3,256,1.1541991233825684,1.2584950923919678,3.040342082735151,3.0414387066848576,2.999999975087121,3.002491208491847
multivariate_regression/mvar_02036a,3,Adam,4,1,10.461698532104492,10.813732147216797,0.019787444834946655,0.01994653323345119,2.999999975087121,3.002491208491847
multivariate_regression/mvar_02036a,3,Adam,4,8,9.849543571472168,10.200498580932617,0.12398637397564016,0.12378883140627295,2.999999975087121,3.002491208491847
multivariate_regression/mvar_02036a,3,Adam,4,32,7.6239471435546875,7.966703414916992,0.5390346690546721,0.5379027328453958,2.999999975087121,3.002491208491847
multivariate_regression/mvar_02036a,3,Adam,4,128,1.4289612770080566,1.6640782356262207,3.030218832194805,3.023066290654242,2.999999975087121,3.002491208491847
multivariate_regression/mvar_02036a,3,Adam,4,256,1.0295430421829224,1.0683687925338745,3.04231191938743,3.034754840657115,2.999999975087121,3.002491208491847
multivariate_regression/mvar_02036a,3,Adam,5,1,10.339506149291992,10.702327728271484,0.04022907104808837,0.037847489991690964,2.999999975087121,3.002491208491847
multivariate_regression/mvar_02036a,3,Adam,5,8,9.807194709777832,10.16455364227295,0.13120770921523217,0.1292610968957888,2.999999975087121,3.002491208491847
multivariate_regression/mvar_02036a,3,Adam,5,32,7.945465564727783,8.283146858215332,0.47486193326767534,0.4744639206910506,2.999999975087121,3.002491208491847
multivariate_regression/mvar_02036a,3,Adam,5,128,1.5125395059585571,1.7474536895751953,2.780123001895845,2.777124206535518,2.999999975087121,3.002491208491847
multivariate_regression/mvar_02036a,3,Adam,5,256,1.0774564743041992,1.1278669834136963,2.971839366015047,2.9621542426757514,2.999999975087121,3.002491208491847
multivariate_regression/mvar_02036a,3,Adam,6,1,11.154781341552734,11.528616905212402,-0.09171682347368915,-0.09412990933924448,2.999999975087121,3.002491208491847
multivariate_regression/mvar_02036a,3,Adam,6,8,10.621390342712402,10.994277954101562,-0.0042920636442431714,-0.006769474046450341,2.999999975087121,3.002491208491847
multivariate_regression/mvar_02036a,3,Adam,6,32,8.840768814086914,9.210254669189453,0.3081890435423702,0.30550688167568296,2.999999975087121,3.002491208491847
multivariate_regression/mvar_02036a,3,Adam,6,128,1.6647396087646484,1.9747971296310425,2.6748768324032426,2.6637484207749367,2.999999975087121,3.002491208491847
multivariate_regression/mvar_02036a,3,Adam,6,256,1.2107136249542236,1.336719274520874,2.9616658058948815,2.936875202227384,2.999999975087121,3.002491208491847
multivariate_regression/mvar_02036a,3,Adam,7,1,10.381760597229004,10.75784683227539,0.0374468486988917,0.034355804877122864,2.999999975087121,3.002491208491847
multivariate_regression/mvar_02036a,3,Adam,7,8,9.83553409576416,10.20765209197998,0.13088728926959448,0.12800021129078232,2.999999975087121,3.002491208491847
multivariate_regression/mvar_02036a,3,Adam,7,32,7.956592559814453,8.316368103027344,0.47808892594184726,0.4754530228674412,2.999999975087121,3.002491208491847
multivariate_regression/mvar_02036a,3,Adam,7,128,1.5548148155212402,1.8286631107330322,2.8134061582386494,2.809324150905013,2.999999975087121,3.002491208491847
multivariate_regression/mvar_02036a,3,Adam,7,256,1.1439058780670166,1.2510666847229004,3.0305085317231715,3.039678433444351,2.999999975087121,3.002491208491847
multivariate_regression/mvar_02036a,3,Adam,8,1,10.382266998291016,10.735480308532715,0.03360531879297923,0.033693315665004775,2.999999975087121,3.002491208491847
multivariate_regression/mvar_02036a,3,Adam,8,8,9.868992805480957,10.222280502319336,0.1212730944098439,0.12110891938209534,2.999999975087121,3.002491208491847
multivariate_regression/mvar_02036a,3,Adam,8,32,8.100311279296875,8.453330993652344,0.4465046575060114,0.4455033972626552,2.999999975087121,3.002491208491847
multivariate_regression/mvar_02036a,3,Adam,8,128,1.6755093336105347,1.9849393367767334,2.634748477488756,2.628141571767628,2.999999975087121,3.002491208491847
multivariate_regression/mvar_02036a,3,Adam,8,256,1.208846092224121,1.3385891914367676,2.974102077074349,2.958576118107885,2.999999975087121,3.002491208491847
multivariate_regression/mvar_02036a,3,Adam,9,1,10.482726097106934,10.839078903198242,0.020719242638733704,0.022719160850101616,2.999999975087121,3.002491208491847
multivariate_regression/mvar_02036a,3,Adam,9,8,9.95354175567627,10.310201644897461,0.1113527084235102,0.11324120062636212,2.999999975087121,3.002491208491847
multivariate_regression/mvar_02036a,3,Adam,9,32,8.142707824707031,8.500782012939453,0.445830486016348,0.4472032800549641,2.999999975087121,3.002491208491847
multivariate_regression/mvar_02036a,3,Adam,9,128,1.5710738897323608,1.8535916805267334,2.8802302004769444,2.876753124408424,2.999999975087121,3.002491208491847
multivariate_regression/mvar_02036a,3,Adam,9,256,1.1835105419158936,1.2657079696655273,2.930789063218981,2.921254192944616,2.999999975087121,3.002491208491847
multivariate_regression/mvar_071e42,0,SGD,0,1,8.699771881103516,8.434749603271484,0.1493257620895747,0.1516885633172933,2.710358723299578,2.6900505096418783
multivariate_regression/mvar_071e42,0,SGD,0,8,6.881446361541748,6.631550312042236,0.5246931039728224,0.5287083645816892,2.710358723299578,2.6900505096418783
multivariate_regression/mvar_071e42,0,SGD,0,32,1.911869764328003,1.7932711839675903,2.568213762715459,2.578658099286258,2.710358723299578,2.6900505096418783
multivariate_regression/mvar_071e42,0,SGD,0,128,1.1040101051330566,1.1233723163604736,2.7162439189851284,2.7155815148726106,2.710358723299578,2.6900505096418783
multivariate_regression/mvar_071e42,0,SGD,0,256,0.8192768096923828,0.872246503829956,2.690936506493017,2.6936680355574936,2.710358723299578,2.6900505096418783
multivariate_regression/mvar_071e42,0,SGD,1,1,9.412363052368164,9.160243034362793,0.0067579289971035905,0.007196340440714266,2.710358723299578,2.6900505096418783
multivariate_regression/mvar_071e42,0,SGD,1,8,7.923699378967285,7.674286842346191,0.2973986185970716,0.2998051356407814,2.710358723299578,2.6900505096418783
multivariate_regression/mvar_071e42,0,SGD,1,32,2.556030750274658,2.383044958114624,1.983590627554804,1.9931148439645767,2.710358723299578,2.6900505096418783
multivariate_regression/mvar_071e42,0,SGD,1,128,1.1990721225738525,1.1958962678909302,2.753333019092679,2.7544024758972228,2.710358723299578,2.6900505096418783
multivariate_regression/mvar_071e42,0,SGD,1,256,0.793641209602356,0.8441964983940125,2.665767735452391,2.6619140580296516,2.710358723299578,2.6900505096418783
multivariate_regression/mvar_071e42,0,SGD,2,1,8.708250045776367,8.447317123413086,0.14527546559111215,0.14810167023097165,2.710358723299578,2.6900505096418783
multivariate_regression/mvar_071e42,0,SGD,2,8,7.13853645324707,6.897812843322754,0.47026200976688415,0.4722921223146841,2.710358723299578,2.6900505096418783
multivariate_regression/mvar_071e42,0,SGD,2,32,2.115962505340576,1.9737868309020996,2.3768663350492716,2.3742645364254713,2.710358723299578,2.6900505096418783
multivariate_regression/mvar_071e42,0,SGD,2,128,1.2184507846832275,1.171121597290039,2.724766136147082,2.711004342418164,2.710358723299578,2.6900505096418783
multivariate_regression/mvar_071e42,0,SGD,2,256,0.7977428436279297,0.8214670419692993,2.769848207011819,2.7571693607605994,2.710358723299578,2.6900505096418783
multivariate_regression/mvar_071e42,0,SGD,3,1,9.542130470275879,9.272943496704102,-0.017097583186114207,-0.01543433040205855,2.710358723299578,2.6900505096418783
multivariate_regression/mvar_071e42,0,SGD,3,8,8.019912719726562,7.770400047302246,0.2772057056427002,0.2772449503536336,2.710358723299578,2.6900505096418783
multivariate_regression/mvar_071e42,0,SGD,3,32,2.2631266117095947,2.0987648963928223,2.228995086159557,2.223773623816669,2.710358723299578,2.6900505096418783
multivariate_regression/mvar_071e42,0,SGD,3,128,1.3175225257873535,1.2530057430267334,2.7222881354391575,2.7237202441319823,2.710358723299578,2.6900505096418783
multivariate_regression/mvar_071e42,0,SGD,3,256,0.8321926593780518,0.8785256743431091,2.848820366198197,2.851515279849991,2.710358723299578,2.6900505096418783
multivariate_regression/mvar_071e42,0,SGD,4,1,9.167389869689941,8.928728103637695,0.05590257539006416,0.05298840852628928,2.710358723299578,2.6900505096418783
multivariate_regression/mvar_071e42,0,SGD,4,8,7.180379867553711,6.955913543701172,0.4570690708933398,0.4539448838913813,2.710358723299578,2.6900505096418783
multivariate_regression/mvar_071e42,0,SGD,4,32,1.9596946239471436,1.8228559494018555,2.537223929539323,2.5336919650435448,2.710358723299578,2.6900505096418783
multivariate_regression/mvar_071e42,0,SGD,4,128,1.0324102640151978,1.0139753818511963,2.795304223895073,2.7925098452251405,2.710358723299578,2.6900505096418783
multivariate_regression/mvar_071e42,0,SGD,4,256,0.7813736200332642,0.8434004783630371,2.747993681114167,2.7662989121163264,2.710358723299578,2.6900505096418783
multivariate_regression/mvar_071e42,0,SGD,5,1,9.12484073638916,8.878339767456055,0.06556842528516427,0.06462167549761944,2.710358723299578,2.6900505096418783
multivariate_regression/mvar_071e42,0,SGD,5,8,7.732417106628418,7.4961137771606445,0.3414932672167197,0.3408092762110755,2.710358723299578,2.6900505096418783
multivariate_regression/mvar_071e42,0,SGD,5,32,2.2862820625305176,2.135261058807373,2.201627061702311,2.1994773102924228,2.710358723299578,2.6900505096418783
multivariate_regression/mvar_071e42,0,SGD,5,128,1.1658705472946167,1.1715419292449951,2.771390674635768,2.770953966770321,2.710358723299578,2.6900505096418783
multivariate_regression/mvar_071e42,0,SGD,5,256,0.8232182860374451,0.8640618324279785,2.6906110923737288,2.6941973890643567,2.710358723299578,2.6900505096418783
multivariate_regression/mvar_071e42,0,SGD,6,1,9.816854476928711,9.561650276184082,-0.06531250094121788,-0.06626527369371615,2.710358723299578,2.6900505096418783
multivariate_regression/mvar_071e42,0,SGD,6,8,8.48968505859375,8.245490074157715,0.18412317230831832,0.1830471728462726,2.710358723299578,2.6900505096418783
multivariate_regression/mvar_071e42,0,SGD,6,32,3.1640591621398926,2.989901542663574,1.6572509142570198,1.653772928752005,2.710358723299578,2.6900505096418783
multivariate_regression/mvar_071e42,0,SGD,6,128,1.3131301403045654,1.3024826049804688,2.6313426685519516,2.628779095131904,2.710358723299578,2.6900505096418783
multivariate_regression/mvar_071e42,0,SGD,6,256,0.8008731603622437,0.8704319596290588,2.6633123719366267,2.665124004241079,2.710358723299578,2.6900505096418783
multivariate_regression/mvar_071e42,0,SGD,7,1,9.051517486572266,8.81920051574707,0.07272997760446742,0.06949412844551262,2.710358723299578,2.6900505096418783
multivariate_regression/mvar_071e42,0,SGD,7,8,7.546215057373047,7.325863838195801,0.3758297584718093,0.37140279123559594,2.710358723299578,2.6900505096418783
multivariate_regression/mvar_071e42,0,SGD,7,32,2.319000005722046,2.1445741653442383,2.1966630653478205,2.187046048231423,2.710358723299578,2.6900505096418783
multivariate_regression/mvar_071e42,0,SGD,7,128,1.2129392623901367,1.1437702178955078,2.739207501988858,2.733332699164748,2.710358723299578,2.6900505096418783
multivariate_regression/mvar_071e42,0,SGD,7,256,0.8053454160690308,0.8330974578857422,2.598118622903712,2.6016842438839376,2.710358723299578,2.6900505096418783
multivariate_regression/mvar_071e42,0,SGD,8,1,9.123641967773438,8.880733489990234,0.06297190967597999,0.061621382730663754,2.710358723299578,2.6900505096418783
multivariate_regression/mvar_071e42,0,SGD,8,8,7.530784606933594,7.300893783569336,0.3837352440459654,0.3818157591158524,2.710358723299578,2.6900505096418783
multivariate_regression/mvar_071e42,0,SGD,8,32,2.184669017791748,2.029561758041382,2.353125779889524,2.3507649563252926,2.710358723299578,2.6900505096418783
multivariate_regression/mvar_071e42,0,SGD,8,128,1.415926218032837,1.3717684745788574,2.7580133439041674,2.7594158523716033,2.710358723299578,2.6900505096418783
multivariate_regression/mvar_071e42,0,SGD,8,256,0.8367732167243958,0.8680888414382935,2.709811940090731,2.708663181401789,2.710358723299578,2.6900505096418783
multivariate_regression/mvar_071e42,0,SGD,9,1,9.223383903503418,8.964917182922363,0.043453805257740896,0.045014017705398146,2.710358723299578,2.6900505096418783
multivariate_regression/mvar_071e42,0,SGD,9,8,7.762999534606934,7.514606475830078,0.32639621407724917,0.3291559750214219,2.710358723299578,2.6900505096418783
multivariate_regression/mvar_071e42,0,SGD,9,32,2.135791778564453,1.9877119064331055,2.2263777013868093,2.23578876350075,2.710358723299578,2.6900505096418783
multivariate_regression/mvar_071e42,0,SGD,9,128,1.0113556385040283,1.008522868156433,2.734247272834182,2.7351512310560793,2.710358723299578,2.6900505096418783
multivariate_regression/mvar_071e42,0,SGD,9,256,0.7911357879638672,0.8696330189704895,2.8560050929663703,2.86468293517828,2.710358723299578,2.6900505096418783
multivariate_regression/mvar_071e42,0,Adam,0,1,8.875754356384277,8.609291076660156,0.11580474303627852,0.11805268871830776,2.710358723299578,2.6900505096418783
multivariate_regression/mvar_071e42,0,Adam,0,8,8.349101066589355,8.085241317749023,0.2173102253000252,0.2202588709187694,2.710358723299578,2.6900505096418783
multivariate_regression/mvar_071e42,0,Adam,0,32,6.540036201477051,6.290749549865723,0.6027892457786947,0.6079793006647378,2.710358723299578,2.6900505096418783
multivariate_regression/mvar_071e42,0,Adam,0,128,1.7720328569412231,1.6837241649627686,2.6141367238014936,2.6198170869611204,2.710358723299578,2.6900505096418783
multivariate_regression/mvar_071e42,0,Adam,0,256,0.8812724351882935,0.9411023855209351,2.674798275809735,2.672098159790039,2.710358723299578,2.6900505096418783
multivariate_regression/mvar_071e42,0,Adam,1,1,9.585431098937988,9.333573341369629,-0.02513857706071576,-0.024979988833365496,2.710358723299578,2.6900505096418783
multivariate_regression/mvar_071e42,0,Adam,1,8,9.107983589172363,8.856630325317383,0.06335441328701563,0.0641566097328905,2.710358723299578,2.6900505096418783
multivariate_regression/mvar_071e42,0,Adam,1,32,7.543513774871826,7.2985334396362305,0.3756621415959671,0.37815433903597295,2.710358723299578,2.6900505096418783
multivariate_regression/mvar_071e42,0,Adam,1,128,1.9844322204589844,1.8570168018341064,2.4610721534118056,2.4670221470296383,2.710358723299578,2.6900505096418783
multivariate_regression/mvar_071e42,0,Adam,1,256,0.9412869215011597,0.975712776184082,2.661198216606863,2.656155042583123,2.710358723299578,2.6900505096418783
multivariate_regression/mvar_071e42,0,Adam,2,1,8.835651397705078,8.573314666748047,0.1205922170629492,0.12346541450824589,2.710358723299578,2.6900505096418783
multivariate_regression/mvar_071e42,0,Adam,2,8,8.348592758178711,8.09376335144043,0.21571405266877264,0.21821844394435175,2.710358723299578,2.6900505096418783
multivariate_regression/mvar_071e42,0,Adam,2,32,6.650227069854736,6.421290397644043,0.5787038668058813,0.5803433811524883,2.710358723299578,2.6900505096418783
multivariate_regression/mvar_071e42,0,Adam,2,128,1.854560136795044,1.7455264329910278,2.656643277965486,2.653768108226359,2.710358723299578,2.6900505096418783
multivariate_regression/mvar_071e42,0,Adam,2,256,0.8992586731910706,0.9211263656616211,2.6608565656933933,2.6484761249739677,2.710358723299578,2.6900505096418783
multivariate_regression/mvar_071e42,0,Adam,3,1,9.665472030639648,9.39437198638916,-0.03972037017229013,-0.03787923480558675,2.710358723299578,2.6900505096418783
multivariate_regression/mvar_071e42,0,Adam,3,8,9.19621753692627,8.931295394897461,0.04663090736721642,0.047946860344382,2.710358723299578,2.6900505096418783
multivariate_regression/mvar_071e42,0,Adam,3,32,7.528667449951172,7.28675651550293,0.378881142125465,0.37822678650263697,2.710358723299578,2.6900505096418783
multivariate_regression/mvar_071e42,0,Adam,3,128,1.9435302019119263,1.8041255474090576,2.5981187634170055,2.5939470482990146,2.710358723299578,2.6900505096418783
multivariate_regression/mvar_071e42,0,Adam,3,256,1.025270700454712,1.0173126459121704,2.647061944473535,2.6490738969296217,2.710358723299578,2.6900505096418783
multivariate_regression/mvar_071e42,0,Adam,4,1,9.355798721313477,9.116130828857422,0.020956580177880824,0.017999347612203564,2.710358723299578,2.6900505096418783
multivariate_regression/mvar_071e42,0,Adam,4,8,8.805022239685059,8.568819999694824,0.12469786111614667,0.12174493138445541,2.710358723299578,2.6900505096418783
multivariate_regression/mvar_071e42,0,Adam,4,32,6.847146511077881,6.6242218017578125,0.533957815845497,0.5312667781254277,2.710358723299578,2.6900505096418783
multivariate_regression/mvar_071e42,0,Adam,4,128,1.7181570529937744,1.615858793258667,2.6996748792007565,2.7025244175456464,2.710358723299578,2.6900505096418783
multivariate_regression/mvar_071e42,0,Adam,4,256,0.8075676560401917,0.8621134757995605,2.658991470816545,2.6621377163100988,2.710358723299578,2.6900505096418783
multivariate_regression/mvar_071e42,0,Adam,5,1,9.25311279296875,9.006284713745117,0.0415721395984292,0.040533260980737396,2.710358723299578,2.6900505096418783
multivariate_regression/mvar_071e42,0,Adam,5,8,8.776515007019043,8.533507347106934,0.13213712151627988,0.13107870492967777,2.710358723299578,2.6900505096418783
multivariate_regression/mvar_071e42,0,Adam,5,32,7.1263909339904785,6.897811412811279,0.47389057581312954,0.472672262811102,2.710358723299578,2.6900505096418783
multivariate_regression/mvar_071e42,0,Adam,5,128,1.8577377796173096,1.7458840608596802,2.5886134058237076,2.5843287371098995,2.710358723299578,2.6900505096418783
multivariate_regression/mvar_071e42,0,Adam,5,256,0.9281607270240784,0.9706592559814453,2.74395590252243,2.748398100724444,2.710358723299578,2.6900505096418783
multivariate_regression/mvar_071e42,0,Adam,6,1,9.970114707946777,9.713454246520996,-0.09269555723585654,-0.09359239965851884,2.710358723299578,2.6900505096418783
multivariate_regression/mvar_071e42,0,Adam,6,8,9.489579200744629,9.234962463378906,-0.005825798256410053,-0.0064765587376314215,2.710358723299578,2.6900505096418783
multivariate_regression/mvar_071e42,0,Adam,6,32,7.906829833984375,7.659197807312012,0.3017991348169744,0.302204082487151,2.710358723299578,2.6900505096418783
multivariate_regression/mvar_071e42,0,Adam,6,128,2.0016117095947266,1.8602867126464844,2.482338348403573,2.4837687145918608,2.710358723299578,2.6900505096418783
multivariate_regression/mvar_071e42,0,Adam,6,256,1.0068655014038086,1.0553793907165527,2.662110140779987,2.6557943248189986,2.710358723299578,2.6900505096418783
multivariate_regression/mvar_071e42,0,Adam,7,1,9.236737251281738,9.00279426574707,0.0377725222351728,0.03468872333178297,2.710358723299578,2.6900505096418783
multivariate_regression/mvar_071e42,0,Adam,7,8,8.750986099243164,8.519508361816406,0.12998756078013685,0.12684886614442803,2.710358723299578,2.6900505096418783
multivariate_regression/mvar_071e42,0,Adam,7,32,7.086905002593994,6.863641738891602,0.47376674716360867,0.4705307201948017,2.710358723299578,2.6900505096418783
multivariate_regression/mvar_071e42,0,Adam,7,128,1.8443374633789062,1.7008264064788818,2.6016031056642532,2.601225592661649,2.710358723299578,2.6900505096418783
multivariate_regression/mvar_071e42,0,Adam,7,256,0.8580193519592285,0.8847904801368713,2.6068868081783876,2.6062375785550103,2.710358723299578,2.6900505096418783
multivariate_regression/mvar_071e42,0,Adam,8,1,9.283544540405273,9.039286613464355,0.03279635844955919,0.031532703680568375,2.710358723299578,2.6900505096418783
multivariate_regression/mvar_071e42,0,Adam,8,8,8.824636459350586,8.583738327026367,0.12002528543234803,0.11863114277366549,2.710358723299578,2.6900505096418783
multivariate_regression/mvar_071e42,0,Adam,8,32,7.256323337554932,7.024290561676025,0.44270075182430446,0.4415940480539575,2.710358723299578,2.6900505096418783
multivariate_regression/mvar_071e42,0,Adam,8,128,2.0237720012664795,1.8759517669677734,2.4721454763785005,2.477103592827916,2.710358723299578,2.6900505096418783
multivariate_regression/mvar_071e42,0,Adam,8,256,1.0768660306930542,1.0736745595932007,2.7146415719762444,2.7129309463780373,2.710358723299578,2.6900505096418783
multivariate_regression/mvar_071e42,0,Adam,9,1,9.344983100891113,9.085525512695312,0.021292871046171058,0.02281731785478769,2.710358723299578,2.6900505096418783
multivariate_regression/mvar_071e42,0,Adam,9,8,8.856217384338379,8.600401878356934,0.11187157983658835,0.11368277770816348,2.710358723299578,2.6900505096418783
multivariate_regression/mvar_071e42,0,Adam,9,32,7.199931621551514,6.955474376678467,0.44582822849042714,0.449189676088281,2.710358723299578,2.6900505096418783
multivariate_regression/mvar_071e42,0,Adam,9,128,1.7261686325073242,1.6280993223190308,2.645337585825473,2.6509620612487197,2.710358723299578,2.6900505096418783
multivariate_regression/mvar_071e42,0,Adam,9,256,0.8306400775909424,0.8902255296707153,2.7567153649870306,2.760372621822171,2.710358723299578,2.6900505096418783
multivariate_regression/mvar_071e42,1,SGD,0,1,11.369623184204102,11.354100227355957,0.03676309186266735,0.03861433593556285,-2.9999998984858394,-3.020308122970164
multivariate_regression/mvar_071e42,1,SGD,0,8,8.94387149810791,8.896427154541016,-0.395948724122718,-0.3962132113520056,-2.9999998984858394,-3.020308122970164
multivariate_regression/mvar_071e42,1,SGD,0,32,2.3043806552886963,2.174713611602783,-2.5543359257280827,-2.560171253979206,-2.9999998984858394,-3.020308122970164
multivariate_regression/mvar_071e42,1,SGD,0,128,1.2247121334075928,1.2265743017196655,-3.023484799079597,-3.0359488683752716,-2.9999998984858394,-3.020308122970164
multivariate_regression/mvar_071e42,1,SGD,0,256,0.8237760066986084,0.9276691675186157,-3.027981751365587,-3.0278931313659996,-2.9999998984858394,-3.020308122970164
multivariate_regression/mvar_071e42,1,SGD,1,1,10.60806655883789,10.584731101989746,-0.08330393000505865,-0.08365889938431792,-2.9999998984858394,-3.020308122970164
multivariate_regression/mvar_071e42,1,SGD,1,8,8.544687271118164,8.493419647216797,-0.45634535304270685,-0.4598149850498885,-2.9999998984858394,-3.020308122970164
multivariate_regression/mvar_071e42,1,SGD,1,32,1.8880237340927124,1.780813455581665,-2.863720888271928,-2.8819719851017,-2.9999998984858394,-3.020308122970164
multivariate_regression/mvar_071e42,1,SGD,1,128,1.0457440614700317,1.0718462467193604,-2.9796752934344113,-3.012058897409588,-2.9999998984858394,-3.020308122970164
multivariate_regression/mvar_071e42,1,SGD,1,256,0.8258534669876099,0.9058588743209839,-3.074046637164429,-3.0989881774876267,-2.9999998984858394,-3.020308122970164
multivariate_regression/mvar_071e42,1,SGD,2,1,11.4429931640625,11.442048072814941,0.05228543595876545,0.055170504936540965,-2.9999998984858394,-3.020308122970164
multivariate_regression/mvar_071e42,1,SGD,2,8,9.53225326538086,9.517047882080078,-0.27740113908657804,-0.2742749452008866,-2.9999998984858394,-3.020308122970164
multivariate_regression/mvar_071e42,1,SGD,2,32,2.3779139518737793,2.2748758792877197,-2.4110608780756593,-2.4080175505951047,-2.9999998984858394,-3.020308122970164
multivariate_regression/mvar_071e42,1,SGD,2,128,1.2482305765151978,1.2271162271499634,-3.039038854651153,-3.047349402215332,-2.9999998984858394,-3.020308122970164
multivariate_regression/mvar_071e42,1,SGD,2,256,0.8094614148139954,0.9129703640937805,-2.9740189088042825,-2.9774026200175285,-2.9999998984858394,-3.020308122970164
multivariate_regression/mvar_071e42,1,SGD,3,1,10.50913143157959,10.491422653198242,-0.10015858417318668,-0.09787167298782151,-2.9999998984858394,-3.020308122970164
multivariate_regression/mvar_071e42,1,SGD,3,8,8.773975372314453,8.754409790039062,-0.41390675923321396,-0.40983845258597285,-2.9999998984858394,-3.020308122970164
multivariate_regression/mvar_071e42,1,SGD,3,32,2.130582809448242,2.0310847759246826,-2.599208191037178,-2.5895703556016088,-2.9999998984858394,-3.020308122970164
multivariate_regression/mvar_071e42,1,SGD,3,128,1.2583014965057373,1.2377233505249023,-3.0012174579314888,-2.982272426597774,-2.9999998984858394,-3.020308122970164
multivariate_regression/mvar_071e42,1,SGD,3,256,0.8153262138366699,0.9247599840164185,-2.8913355141412467,-2.8773776227608323,-2.9999998984858394,-3.020308122970164
multivariate_regression/mvar_071e42,1,SGD,4,1,10.83523941040039,10.791511535644531,-0.04842712248500902,-0.0513893049719627,-2.9999998984858394,-3.020308122970164
multivariate_regression/mvar_071e42,1,SGD,4,8,8.789440155029297,8.732488632202148,-0.4181233730632812,-0.4216004926711321,-2.9999998984858394,-3.020308122970164
multivariate_regression/mvar_071e42,1,SGD,4,32,2.1483659744262695,2.0296144485473633,-2.6689411932602525,-2.6801972007378936,-2.9999998984858394,-3.020308122970164
multivariate_regression/mvar_071e42,1,SGD,4,128,1.0778199434280396,1.0813770294189453,-2.943823508452624,-2.961305543780327,-2.9999998984858394,-3.020308122970164
multivariate_regression/mvar_071e42,1,SGD,4,256,0.8123956322669983,0.9043647646903992,-2.9777159586083144,-2.9895442600827664,-2.9999998984858394,-3.020308122970164
multivariate_regression/mvar_071e42,1,SGD,5,1,11.038677215576172,11.009649276733398,-0.015067635496961884,-0.01619132945779711,-2.9999998984858394,-3.020308122970164
multivariate_regression/mvar_071e42,1,SGD,5,8,9.301315307617188,9.261506080627441,-0.32004566479008645,-0.32143780344631523,-2.9999998984858394,-3.020308122970164
multivariate_regression/mvar_071e42,1,SGD,5,32,2.358002185821533,2.2713236808776855,-2.4103715075179935,-2.412590144202113,-2.9999998984858394,-3.020308122970164
multivariate_regression/mvar_071e42,1,SGD,5,128,1.08445405960083,1.1158455610275269,-3.0088230059482157,-3.011853937525302,-2.9999998984858394,-3.020308122970164
multivariate_regression/mvar_071e42,1,SGD,5,256,0.8148090839385986,0.90228670835495,-3.046204771613702,-3.0445200027897954,-2.9999998984858394,-3.020308122970164
multivariate_regression/mvar_071e42,1,SGD,6,1,10.258598327636719,10.221563339233398,-0.14577271268353797,-0.14673586783464998,-2.9999998984858394,-3.020308122970164
multivariate_regression/mvar_071e42,1,SGD,6,8,8.451147079467773,8.404383659362793,-0.480174963013269,-0.48091557365842164,-2.9999998984858394,-3.020308122970164
multivariate_regression/mvar_071e42,1,SGD,6,32,2.1028547286987305,1.9950729608535767,-2.6871229829266667,-2.6851632995530963,-2.9999998984858394,-3.020308122970164
multivariate_regression/mvar_071e42,1,SGD,6,128,1.284744143486023,1.307589054107666,-3.1002314863726497,-3.097538383677602,-2.9999998984858394,-3.020308122970164
multivariate_regression/mvar_071e42,1,SGD,6,256,0.8501272201538086,0.9695221185684204,-3.0792015846818686,-3.073556123767048,-2.9999998984858394,-3.020308122970164
multivariate_regression/mvar_071e42,1,SGD,7,1,10.95953369140625,10.922330856323242,-0.022148037984152324,-0.02499707597598899,-2.9999998984858394,-3.020308122970164
multivariate_regression/mvar_071e42,1,SGD,7,8,8.786626815795898,8.74659252166748,-0.40899222146254033,-0.41075851721689105,-2.9999998984858394,-3.020308122970164
multivariate_regression/mvar_071e42,1,SGD,7,32,2.0327353477478027,1.9384409189224243,-2.7356957253068686,-2.733945689164102,-2.9999998984858394,-3.020308122970164
multivariate_regression/mvar_071e42,1,SGD,7,128,1.1131248474121094,1.1273462772369385,-2.98731921473518,-2.985610907897353,-2.9999998984858394,-3.020308122970164
multivariate_regression/mvar_071e42,1,SGD,7,256,0.8206665515899658,0.9144148826599121,-3.1044640329200774,-3.1065318286418915,-2.9999998984858394,-3.020308122970164
multivariate_regression/mvar_071e42,1,SGD,8,1,10.94589614868164,10.9185209274292,-0.027738601922465023,-0.02884025839739479,-2.9999998984858394,-3.020308122970164
multivariate_regression/mvar_071e42,1,SGD,8,8,9.020066261291504,8.990289688110352,-0.36869820521678776,-0.3684970474569127,-2.9999998984858394,-3.020308122970164
multivariate_regression/mvar_071e42,1,SGD,8,32,2.1783223152160645,2.0908260345458984,-2.58703238889575,-2.5805096235126257,-2.9999998984858394,-3.020308122970164
multivariate_regression/mvar_071e42,1,SGD,8,128,1.276019811630249,1.2863414287567139,-2.966454543173313,-2.957071155309677,-2.9999998984858394,-3.020308122970164
multivariate_regression/mvar_071e42,1,SGD,8,256,0.8187397718429565,0.9063660502433777,-2.991805183235556,-2.9928739266470075,-2.9999998984858394,-3.020308122970164
multivariate_regression/mvar_071e42,1,SGD,9,1,10.882814407348633,10.868986129760742,-0.03950926825928036,-0.038109109809738584,-2.9999998984858394,-3.020308122970164
multivariate_regression/mvar_071e42,1,SGD,9,8,9.046676635742188,9.012760162353516,-0.3713642016518861,-0.37078992486931384,-2.9999998984858394,-3.020308122970164
multivariate_regression/mvar_071e42,1,SGD,9,32,2.1988344192504883,2.0726709365844727,-2.6877330541610718,-2.692544317804277,-2.9999998984858394,-3.020308122970164
multivariate_regression/mvar_071e42,1,SGD,9,128,1.1075485944747925,1.0950064659118652,-2.9836740661412477,-2.9970810767263174,-2.9999998984858394,-3.020308122970164
multivariate_regression/mvar_071e42,1,SGD,9,256,0.8358438014984131,0.9135111570358276,-2.8989413341041654,-2.90301795094274,-2.9999998984858394,-3.020308122970164
multivariate_regression/mvar_071e42,1,Adam,0,1,11.6744966506958,11.662691116333008,0.08687853623268893,0.08890521357534453,-2.9999998984858394,-3.020308122970164
multivariate_regression/mvar_071e42,1,Adam,0,8,11.07158374786377,11.05018424987793,-0.012804906029487029,-0.011607939966779668,-2.9999998984858394,-3.020308122970164
multivariate_regression/mvar_071e42,1,Adam,0,32,9.125411987304688,9.07579231262207,-0.3613157591316849,-0.3624777551740408,-2.9999998984858394,-3.020308122970164
multivariate_regression/mvar_071e42,1,Adam,0,128,2.1281380653381348,2.012637138366699,-2.6736786970868707,-2.6816414892673492,-2.9999998984858394,-3.020308122970164
multivariate_regression/mvar_071e42,1,Adam,0,256,1.1104443073272705,1.1287107467651367,-2.9680946483276784,-2.981247754767537,-2.9999998984858394,-3.020308122970164
multivariate_regression/mvar_071e42,1,Adam,1,1,10.79978084564209,10.779343605041504,-0.05083228355215397,-0.05088589601655258,-2.9999998984858394,-3.020308122970164
multivariate_regression/mvar_071e42,1,Adam,1,8,10.267309188842773,10.239554405212402,-0.14164693726343103,-0.14244293014053255,-2.9999998984858394,-3.020308122970164
multivariate_regression/mvar_071e42,1,Adam,1,32,8.356443405151367,8.304651260375977,-0.49306964222341776,-0.4966728773433715,-2.9999998984858394,-3.020308122970164
multivariate_regression/mvar_071e42,1,Adam,1,128,1.8877944946289062,1.802262783050537,-2.834015709348023,-2.848388339392841,-2.9999998984858394,-3.020308122970164
multivariate_regression/mvar_071e42,1,Adam,1,256,0.9923944473266602,1.0309908390045166,-2.994713800959289,-3.016325317788869,-2.9999998984858394,-3.020308122970164
multivariate_regression/mvar_071e42,1,Adam,2,1,11.700091361999512,11.701321601867676,0.09379187815648038,0.09671559988782974,-2.9999998984858394,-3.020308122970164
multivariate_regression/mvar_071e42,1,Adam,2,8,11.139749526977539,11.136972427368164,0.0022379293586709537,0.005279232900647912,-2.9999998984858394,-3.020308122970164
multivariate_regression/mvar_071e42,1,Adam,2,32,9.340054512023926,9.323321342468262,-0.31203132355585694,-0.3086637548985891,-2.9999998984858394,-3.020308122970164
multivariate_regression/mvar_071e42,1,Adam,2,128,2.065438985824585,1.9522770643234253,-2.643262192606926,-2.641302620060742,-2.9999998984858394,-3.020308122970164
multivariate_regression/mvar_071e42,1,Adam,2,256,1.0441737174987793,1.0590804815292358,-2.9821190633811057,-2.988715968094766,-2.9999998984858394,-3.020308122970164
multivariate_regression/mvar_071e42,1,Adam,3,1,10.72140121459961,10.70341682434082,-0.06412802598788403,-0.0621135396650061,-2.9999998984858394,-3.020308122970164
multivariate_regression/mvar_071e42,1,Adam,3,8,10.233026504516602,10.215066909790039,-0.14812170623918064,-0.1456240154511761,-2.9999998984858394,-3.020308122970164
multivariate_regression/mvar_071e42,1,Adam,3,32,8.62161636352539,8.599769592285156,-0.44474187365267426,-0.44097796618007123,-2.9999998984858394,-3.020308122970164
multivariate_regression/mvar_071e42,1,Adam,3,128,2.1616482734680176,2.0680129528045654,-2.5614213244989514,-2.5535565484315157,-2.9999998984858394,-3.020308122970164
multivariate_regression/mvar_071e42,1,Adam,3,256,1.1152780055999756,1.1260977983474731,-3.012562735006213,-2.997583147138357,-2.9999998984858394,-3.020308122970164
multivariate_regression/mvar_071e42,1,Adam,4,1,11.074382781982422,11.031874656677246,-0.008184972753952025,-0.011151492399221752,-2.9999998984858394,-3.020308122970164
multivariate_regression/mvar_071e42,1,Adam,4,8,10.487451553344727,10.442264556884766,-0.10785871143161785,-0.1108171514060814,-2.9999998984858394,-3.020308122970164
multivariate_regression/mvar_071e42,1,Adam,4,32,8.60603141784668,8.549253463745117,-0.45394709322135895,-0.4571225004037842,-2.9999998984858394,-3.020308122970164
multivariate_regression/mvar_071e42,1,Adam,4,128,2.206758975982666,2.1000993251800537,-2.5537086203694344,-2.558109311386943,-2.9999998984858394,-3.020308122970164
multivariate_regression/mvar_071e42,1,Adam,4,256,1.1837027072906494,1.188868761062622,-2.940883807372302,-2.948096716310829,-2.9999998984858394,-3.020308122970164
multivariate_regression/mvar_071e42,1,Adam,5,1,11.224678039550781,11.196844100952148,0.015687525738030672,0.014620353540522046,-2.9999998984858394,-3.020308122970164
multivariate_regression/mvar_071e42,1,Adam,5,8,10.688316345214844,10.658042907714844,-0.07408106060756836,-0.07504077983321622,-2.9999998984858394,-3.020308122970164
multivariate_regression/mvar_071e42,1,Adam,5,32,8.870664596557617,8.832514762878418,-0.4017440350726247,-0.4021837199688889,-2.9999998984858394,-3.020308122970164
multivariate_regression/mvar_071e42,1,Adam,5,128,2.020965576171875,1.93362295627594,-2.7165301302447915,-2.7123738257214427,-2.9999998984858394,-3.020308122970164
multivariate_regression/mvar_071e42,1,Adam,5,256,1.0152833461761475,1.068182349205017,-2.8958591469563544,-2.892939151264727,-2.9999998984858394,-3.020308122970164
multivariate_regression/mvar_071e42,1,Adam,6,1,10.419456481933594,10.383142471313477,-0.11787517016637139,-0.1188587526557967,-2.9999998984858394,-3.020308122970164
multivariate_regression/mvar_071e42,1,Adam,6,8,9.91122055053711,9.87103271484375,-0.20698046294273809,-0.2081812688265927,-2.9999998984858394,-3.020308122970164
multivariate_regression/mvar_071e42,1,Adam,6,32,8.128555297851562,8.074560165405273,-0.545242969179526,-0.5472506241640076,-2.9999998984858394,-3.020308122970164
multivariate_regression/mvar_071e42,1,Adam,6,128,2.0498135089874268,1.9415327310562134,-2.7568786880001426,-2.76150375418365,-2.9999998984858394,-3.020308122970164
multivariate_regression/mvar_071e42,1,Adam,6,256,1.2263331413269043,1.2577192783355713,-2.9722421569749713,-2.976718846242875,-2.9999998984858394,-3.020308122970164
multivariate_regression/mvar_071e42,1,Adam,7,1,11.160391807556152,11.12289810180664,0.011078138006269,0.008059465792030096,-2.9999998984858394,-3.020308122970164
multivariate_regression/mvar_071e42,1,Adam,7,8,10.605195999145508,10.567024230957031,-0.08209729741793126,-0.08490242177504115,-2.9999998984858394,-3.020308122970164
multivariate_regression/mvar_071e42,1,Adam,7,32,8.74195384979248,8.69878101348877,-0.41992323950398713,-0.4220703295432031,-2.9999998984858394,-3.020308122970164
multivariate_regression/mvar_071e42,1,Adam,7,128,2.1450366973876953,2.0512337684631348,-2.5967329340055585,-2.5959331300109625,-2.9999998984858394,-3.020308122970164
multivariate_regression/mvar_071e42,1,Adam,7,256,1.130881905555725,1.1350233554840088,-3.018441836349666,-3.014501538593322,-2.9999998984858394,-3.020308122970164
multivariate_regression/mvar_071e42,1,Adam,8,1,11.162087440490723,11.134998321533203,0.008068756767897867,0.0068628721055574715,-2.9999998984858394,-3.020308122970164
multivariate_regression/mvar_071e42,1,Adam,8,8,10.654912948608398,10.626914024353027,-0.07698109147895593,-0.0779376423015492,-2.9999998984858394,-3.020308122970164
multivariate_regression/mvar_071e42,1,Adam,8,32,9.0003080368042,8.966893196105957,-0.37406409624964,-0.37448421539738774,-2.9999998984858394,-3.020308122970164
multivariate_regression/mvar_071e42,1,Adam,8,128,2.338498115539551,2.2502803802490234,-2.4306716420687735,-2.42962877266109,-2.9999998984858394,-3.020308122970164
multivariate_regression/mvar_071e42,1,Adam,8,256,1.211976170539856,1.216168761253357,-2.9261081549338996,-2.9238112936727703,-2.9999998984858394,-3.020308122970164
multivariate_regression/mvar_071e42,1,Adam,9,1,11.087589263916016,11.075905799865723,-0.004742364333651494,-0.0032510883029317483,-2.9999998984858394,-3.020308122970164
multivariate_regression/mvar_071e42,1,Adam,9,8,10.552251815795898,10.534754753112793,-0.0962247979186941,-0.09495427484216634,-2.9999998984858394,-3.020308122970164
multivariate_regression/mvar_071e42,1,Adam,9,32,8.630874633789062,8.592952728271484,-0.4511048696003854,-0.45055968686938286,-2.9999998984858394,-3.020308122970164
multivariate_regression/mvar_071e42,1,Adam,9,128,1.9577527046203613,1.8392236232757568,-2.8282514829188585,-2.832865407690406,-2.9999998984858394,-3.020308122970164
multivariate_regression/mvar_071e42,1,Adam,9,256,0.9327955842018127,0.9610080122947693,-2.9266330080572516,-2.9249850555788726,-2.9999998984858394,-3.020308122970164
multivariate_regression/mvar_071e42,2,SGD,0,1,2.1532936096191406,2.0081076622009277,0.09567587995843496,0.09779688327398617,1.0663643479347229e-07,-0.02030810946598649
multivariate_regression/mvar_071e42,2,SGD,0,8,2.1374142169952393,1.9932441711425781,0.075612461027049,0.07740978687797906,1.0663643479347229e-07,-0.02030810946598649
multivariate_regression/mvar_071e42,2,SGD,0,32,2.096036434173584,1.9593157768249512,0.09562755355000263,0.09719862625934184,1.0663643479347229e-07,-0.02030810946598649
multivariate_regression/mvar_071e42,2,SGD,0,128,1.8948078155517578,1.7858948707580566,0.019539702385372948,0.017842652203398757,1.0663643479347229e-07,-0.02030810946598649
multivariate_regression/mvar_071e42,2,SGD,0,256,1.3556290864944458,1.3347513675689697,0.02172366627928568,0.013496273473720066,1.0663643479347229e-07,-0.02030810946598649
multivariate_regression/mvar_071e42,2,SGD,1,1,2.103266716003418,1.961965799331665,-0.03586985029687639,-0.03580547159072012,1.0663643479347229e-07,-0.02030810946598649
multivariate_regression/mvar_071e42,2,SGD,1,8,2.095505952835083,1.95501708984375,-0.039984709983400535,-0.04005845228675753,1.0663643479347229e-07,-0.02030810946598649
multivariate_regression/mvar_071e42,2,SGD,1,32,2.0682249069213867,1.9308276176452637,-0.05568027802655706,-0.05633520790433977,1.0663643479347229e-07,-0.02030810946598649
multivariate_regression/mvar_071e42,2,SGD,1,128,1.9187142848968506,1.8023812770843506,-0.007234321121359244,-0.00974853830120992,1.0663643479347229e-07,-0.02030810946598649
multivariate_regression/mvar_071e42,2,SGD,1,256,1.4054934978485107,1.3584752082824707,-0.08246663774480112,-0.09162474524782738,1.0663643479347229e-07,-0.02030810946598649
multivariate_regression/mvar_071e42,2,SGD,2,1,2.1378021240234375,2.000087261199951,0.10076980000303593,0.10362622998218285,1.0663643479347229e-07,-0.02030810946598649
multivariate_regression/mvar_071e42,2,SGD,2,8,2.1270322799682617,1.9893244504928589,0.08599372414755635,0.08853898804954952,1.0663643479347229e-07,-0.02030810946598649
multivariate_regression/mvar_071e42,2,SGD,2,32,2.0940122604370117,1.9582021236419678,0.0628251338712289,0.06463011594314594,1.0663643479347229e-07,-0.02030810946598649
multivariate_regression/mvar_071e42,2,SGD,2,128,1.9691898822784424,1.8449748754501343,0.03636531517986441,0.03563122189370915,1.0663643479347229e-07,-0.02030810946598649
multivariate_regression/mvar_071e42,2,SGD,2,256,1.621328353881836,1.5369044542312622,0.03611278235621285,0.029609911151055712,1.0663643479347229e-07,-0.02030810946598649
multivariate_regression/mvar_071e42,2,SGD,3,1,2.104846715927124,1.9532661437988281,-0.05661216814769432,-0.05465086683398113,1.0663643479347229e-07,-0.02030810946598649
multivariate_regression/mvar_071e42,2,SGD,3,8,2.098034143447876,1.9471685886383057,-0.057078173384070396,-0.05500416117138229,1.0663643479347229e-07,-0.02030810946598649
multivariate_regression/mvar_071e42,2,SGD,3,32,2.0772435665130615,1.928663730621338,-0.05324975556868594,-0.0508788246079348,1.0663643479347229e-07,-0.02030810946598649
multivariate_regression/mvar_071e42,2,SGD,3,128,1.9654288291931152,1.8307394981384277,-0.004761074873385951,-0.0008386826957575977,1.0663643479347229e-07,-0.02030810946598649
multivariate_regression/mvar_071e42,2,SGD,3,256,1.6399528980255127,1.5477451086044312,0.02384462987538427,0.03214885827037506,1.0663643479347229e-07,-0.02030810946598649
multivariate_regression/mvar_071e42,2,SGD,4,1,2.122319459915161,1.9763094186782837,0.0061445743922377005,0.0032031401024141815,1.0663643479347229e-07,-0.02030810946598649
multivariate_regression/mvar_071e42,2,SGD,4,8,2.1132659912109375,1.9685075283050537,0.016257290670182556,0.013330222842341755,1.0663643479347229e-07,-0.02030810946598649
multivariate_regression/mvar_071e42,2,SGD,4,32,2.081007957458496,1.9405467510223389,0.015889455142314546,0.01289318649287452,1.0663643479347229e-07,-0.02030810946598649
multivariate_regression/mvar_071e42,2,SGD,4,128,1.9127538204193115,1.792492151260376,0.03573360590962693,0.03220647726993775,1.0663643479347229e-07,-0.02030810946598649
multivariate_regression/mvar_071e42,2,SGD,4,256,1.3707795143127441,1.320012092590332,0.06558147646137513,0.05784108559601009,1.0663643479347229e-07,-0.02030810946598649
multivariate_regression/mvar_071e42,2,SGD,5,1,2.1301515102386475,1.987363576889038,0.027222975870245136,0.026190990654868074,1.0663643479347229e-07,-0.02030810946598649
multivariate_regression/mvar_071e42,2,SGD,5,8,2.119326114654541,1.9776372909545898,0.022694256229442544,0.021790663493447937,1.0663643479347229e-07,-0.02030810946598649
multivariate_regression/mvar_071e42,2,SGD,5,32,2.0867912769317627,1.9493919610977173,0.016352102466044016,0.015547112066997215,1.0663643479347229e-07,-0.02030810946598649
multivariate_regression/mvar_071e42,2,SGD,5,128,1.9265351295471191,1.810054063796997,0.003078942798310891,0.003295024042017758,1.0663643479347229e-07,-0.02030810946598649
multivariate_regression/mvar_071e42,2,SGD,5,256,1.4471678733825684,1.4020355939865112,0.017691873144940473,0.019034555967664346,1.0663643479347229e-07,-0.02030810946598649
multivariate_regression/mvar_071e42,2,SGD,6,1,2.122910261154175,1.971297264099121,-0.10321830760221928,-0.10417701644473709,1.0663643479347229e-07,-0.02030810946598649
multivariate_regression/mvar_071e42,2,SGD,6,8,2.1154794692993164,1.9652775526046753,-0.09725971297302749,-0.09816345022409223,1.0663643479347229e-07,-0.02030810946598649
multivariate_regression/mvar_071e42,2,SGD,6,32,2.0905556678771973,1.9452756643295288,-0.07791173885925673,-0.07870076888502808,1.0663643479347229e-07,-0.02030810946598649
multivariate_regression/mvar_071e42,2,SGD,6,128,1.9840202331542969,1.8599587678909302,-0.04607979235879611,-0.046944975390943,1.0663643479347229e-07,-0.02030810946598649
multivariate_regression/mvar_071e42,2,SGD,6,256,1.7063605785369873,1.63728666305542,-0.03269495507265674,-0.03384961044503143,1.0663643479347229e-07,-0.02030810946598649
multivariate_regression/mvar_071e42,2,SGD,7,1,2.0939748287200928,1.9531865119934082,0.02770280055119656,0.024649471990414895,1.0663643479347229e-07,-0.02030810946598649
multivariate_regression/mvar_071e42,2,SGD,7,8,2.0849690437316895,1.9445136785507202,0.012139944068621844,0.009258028017939068,1.0663643479347229e-07,-0.02030810946598649
multivariate_regression/mvar_071e42,2,SGD,7,32,2.0562214851379395,1.9180636405944824,-0.006420683232136071,-0.00915088679175824,1.0663643479347229e-07,-0.02030810946598649
multivariate_regression/mvar_071e42,2,SGD,7,128,1.9082316160202026,1.7846019268035889,-0.027908527103136294,-0.02991315371764358,1.0663643479347229e-07,-0.02030810946598649
multivariate_regression/mvar_071e42,2,SGD,7,256,1.443661093711853,1.3723310232162476,-0.10110695520415902,-0.10196659331268165,1.0663643479347229e-07,-0.02030810946598649
multivariate_regression/mvar_071e42,2,SGD,8,1,2.1137351989746094,1.9724292755126953,0.01980473517323844,0.018571036162029486,1.0663643479347229e-07,-0.02030810946598649
multivariate_regression/mvar_071e42,2,SGD,8,8,2.107964038848877,1.9673508405685425,0.017730858278810047,0.016604604075837415,1.0663643479347229e-07,-0.02030810946598649
multivariate_regression/mvar_071e42,2,SGD,8,32,2.088942527770996,1.9508875608444214,0.018792304224916734,0.01784321202285355,1.0663643479347229e-07,-0.02030810946598649
multivariate_regression/mvar_071e42,2,SGD,8,128,1.9959619045257568,1.8696413040161133,-0.0065616702268016525,-0.006783228076528758,1.0663643479347229e-07,-0.02030810946598649
multivariate_regression/mvar_071e42,2,SGD,8,256,1.748805284500122,1.65620756149292,0.005603834673820529,0.0063235255584004335,1.0663643479347229e-07,-0.02030810946598649
multivariate_regression/mvar_071e42,2,SGD,9,1,2.1144556999206543,1.9725606441497803,0.004207597878121305,0.005691215752449352,1.0663643479347229e-07,-0.02030810946598649
multivariate_regression/mvar_071e42,2,SGD,9,8,2.104890823364258,1.9643075466156006,0.01099616737337783,0.012405321023834404,1.0663643479347229e-07,-0.02030810946598649
multivariate_regression/mvar_071e42,2,SGD,9,32,2.0752439498901367,1.9380698204040527,0.02527243545773672,0.026415039916173555,1.0663643479347229e-07,-0.02030810946598649
multivariate_regression/mvar_071e42,2,SGD,9,128,1.928693413734436,1.8065626621246338,0.035037720648688264,0.03487241204857128,1.0663643479347229e-07,-0.02030810946598649
multivariate_regression/mvar_071e42,2,SGD,9,256,1.4478145837783813,1.3816509246826172,0.02869991766056046,0.026809054623299744,1.0663643479347229e-07,-0.02030810946598649
multivariate_regression/mvar_071e42,2,Adam,0,1,2.1500966548919678,2.004936695098877,0.09026987369725248,0.09239374068420148,1.0663643479347229e-07,-0.02030810946598649
multivariate_regression/mvar_071e42,2,Adam,0,8,2.108553171157837,1.9669538736343384,0.05238956404355122,0.0538695040231687,1.0663643479347229e-07,-0.02030810946598649
multivariate_regression/mvar_071e42,2,Adam,0,32,1.9751628637313843,1.8543317317962646,0.07659424433950335,0.07747872422623914,1.0663643479347229e-07,-0.02030810946598649
multivariate_regression/mvar_071e42,2,Adam,0,128,0.9960232973098755,1.034470796585083,-0.007503742031985894,-0.014710820571053773,1.0663643479347229e-07,-0.02030810946598649
multivariate_regression/mvar_071e42,2,Adam,0,256,0.7497905492782593,0.8616718053817749,-0.03914795082528144,-0.028268716916500125,1.0663643479347229e-07,-0.02030810946598649
multivariate_regression/mvar_071e42,2,Adam,1,1,2.099726915359497,1.9591668844223022,-0.030004681699210778,-0.029934577505628113,1.0663643479347229e-07,-0.02030810946598649
multivariate_regression/mvar_071e42,2,Adam,1,8,2.065784454345703,1.930376410484314,-0.020397685082571115,-0.02040978348668432,1.0663643479347229e-07,-0.02030810946598649
multivariate_regression/mvar_071e42,2,Adam,1,32,1.9518235921859741,1.8314635753631592,-0.07035114639438689,-0.07200235038908431,1.0663643479347229e-07,-0.02030810946598649
multivariate_regression/mvar_071e42,2,Adam,1,128,0.9331165552139282,0.9759030342102051,-0.02327626501210034,-0.03511990849801805,1.0663643479347229e-07,-0.02030810946598649
multivariate_regression/mvar_071e42,2,Adam,1,256,0.763882040977478,0.8466595411300659,0.002951360831502825,0.00010841443145181984,1.0663643479347229e-07,-0.02030810946598649
multivariate_regression/mvar_071e42,2,Adam,2,1,2.134960174560547,1.9971174001693726,0.09645501580962446,0.09918100116919959,1.0663643479347229e-07,-0.02030810946598649
multivariate_regression/mvar_071e42,2,Adam,2,8,2.099911689758301,1.962867021560669,0.0595442408011877,0.06107398003950948,1.0663643479347229e-07,-0.02030810946598649
multivariate_regression/mvar_071e42,2,Adam,2,32,1.9803483486175537,1.8544023036956787,0.019049746413656976,0.017351201495330315,1.0663643479347229e-07,-0.02030810946598649
multivariate_regression/mvar_071e42,2,Adam,2,128,0.897767961025238,0.9233129024505615,0.035161528328899294,0.02367160488211084,1.0663643479347229e-07,-0.02030810946598649
multivariate_regression/mvar_071e42,2,Adam,2,256,0.7455577850341797,0.855009138584137,-0.017324091371847317,-0.007023325117188506,1.0663643479347229e-07,-0.02030810946598649
multivariate_regression/mvar_071e42,2,Adam,3,1,2.1036555767059326,1.9521801471710205,-0.061979535516002215,-0.060025271741324104,1.0663643479347229e-07,-0.02030810946598649
multivariate_regression/mvar_071e42,2,Adam,3,8,2.077504873275757,1.9287002086639404,-0.0719019472016953,-0.06953209443599917,1.0663643479347229e-07,-0.02030810946598649
multivariate_regression/mvar_071e42,2,Adam,3,32,1.9705675840377808,1.8347779512405396,-0.049284017077297904,-0.04592638633039314,1.0663643479347229e-07,-0.02030810946598649
multivariate_regression/mvar_071e42,2,Adam,3,128,0.9627842903137207,0.9944411516189575,0.03188339396729134,0.05020784823864233,1.0663643479347229e-07,-0.02030810946598649
multivariate_regression/mvar_071e42,2,Adam,3,256,0.7660282254219055,0.8589794635772705,-0.054268055406282656,-0.04554818000178784,1.0663643479347229e-07,-0.02030810946598649
multivariate_regression/mvar_071e42,2,Adam,4,1,2.1173391342163086,1.971983551979065,0.005413547612988623,0.0025332813384011388,1.0663643479347229e-07,-0.02030810946598649
multivariate_regression/mvar_071e42,2,Adam,4,8,2.0807619094848633,1.9406683444976807,0.030651713503175415,0.027863423121743836,1.0663643479347229e-07,-0.02030810946598649
multivariate_regression/mvar_071e42,2,Adam,4,32,1.9572584629058838,1.8357696533203125,0.03882501475891331,0.03568286093650386,1.0663643479347229e-07,-0.02030810946598649
multivariate_regression/mvar_071e42,2,Adam,4,128,0.8840529322624207,0.9189739227294922,0.030704304095706902,0.0271319531602785,1.0663643479347229e-07,-0.02030810946598649
multivariate_regression/mvar_071e42,2,Adam,4,256,0.7665203809738159,0.8597986698150635,-0.03609730492462404,-0.02014637741376646,1.0663643479347229e-07,-0.02030810946598649
multivariate_regression/mvar_071e42,2,Adam,5,1,2.125793695449829,1.9833310842514038,0.024290066954563372,0.02331625801161863,1.0663643479347229e-07,-0.02030810946598649
multivariate_regression/mvar_071e42,2,Adam,5,8,2.0871434211730957,1.9493647813796997,0.011573792595299892,0.01094501034822315,1.0663643479347229e-07,-0.02030810946598649
multivariate_regression/mvar_071e42,2,Adam,5,32,1.9534828662872314,1.8359782695770264,-0.00288718196679838,-0.0038601867854595184,1.0663643479347229e-07,-0.02030810946598649
multivariate_regression/mvar_071e42,2,Adam,5,128,0.9089130163192749,0.9728813767433167,0.0668761020351667,0.07387275525252335,1.0663643479347229e-07,-0.02030810946598649
multivariate_regression/mvar_071e42,2,Adam,5,256,0.7587661743164062,0.8482804298400879,-0.02693079420714639,-0.014650472527137026,1.0663643479347229e-07,-0.02030810946598649
multivariate_regression/mvar_071e42,2,Adam,6,1,2.118751287460327,1.9680839776992798,-0.0987862348993076,-0.09980870806612074,1.0663643479347229e-07,-0.02030810946598649
multivariate_regression/mvar_071e42,2,Adam,6,8,2.085350513458252,1.9414570331573486,-0.08068107689905446,-0.0816562922191224,1.0663643479347229e-07,-0.02030810946598649
multivariate_regression/mvar_071e42,2,Adam,6,32,1.9768390655517578,1.8537237644195557,-0.04274762644126895,-0.04296430842077825,1.0663643479347229e-07,-0.02030810946598649
multivariate_regression/mvar_071e42,2,Adam,6,128,0.9535755515098572,1.0275065898895264,-0.10716102194055566,-0.1135012281301897,1.0663643479347229e-07,-0.02030810946598649
multivariate_regression/mvar_071e42,2,Adam,6,256,0.7495011687278748,0.869455099105835,0.0036666134765255265,0.019446189522568602,1.0663643479347229e-07,-0.02030810946598649
multivariate_regression/mvar_071e42,2,Adam,7,1,2.0911474227905273,1.9507932662963867,0.0331978818285279,0.03017079585697502,1.0663643479347229e-07,-0.02030810946598649
multivariate_regression/mvar_071e42,2,Adam,7,8,2.0591847896575928,1.921126365661621,0.020302708944655024,0.017781025992007926,1.0663643479347229e-07,-0.02030810946598649
multivariate_regression/mvar_071e42,2,Adam,7,32,1.9436566829681396,1.8168820142745972,-0.020067721517989412,-0.022064988123020157,1.0663643479347229e-07,-0.02030810946598649
multivariate_regression/mvar_071e42,2,Adam,7,128,0.9123315811157227,0.9278403520584106,-0.020224186228006147,-0.021038837163359858,1.0663643479347229e-07,-0.02030810946598649
multivariate_regression/mvar_071e42,2,Adam,7,256,0.7669938802719116,0.8525410890579224,-0.09468857606407255,-0.08509829788818024,1.0663643479347229e-07,-0.02030810946598649
multivariate_regression/mvar_071e42,2,Adam,8,1,2.110342025756836,1.969398021697998,0.01827650195627939,0.017038828831573483,1.0663643479347229e-07,-0.02030810946598649
multivariate_regression/mvar_071e42,2,Adam,8,8,2.0838069915771484,1.9457392692565918,0.0002641939208842814,-0.000646385145955719,1.0663643479347229e-07,-0.02030810946598649
multivariate_regression/mvar_071e42,2,Adam,8,32,1.9928674697875977,1.8665521144866943,0.01777772751665907,0.01788774790475145,1.0663643479347229e-07,-0.02030810946598649
multivariate_regression/mvar_071e42,2,Adam,8,128,1.0529859066009521,1.0692622661590576,0.03289920013776282,0.03760950810828945,1.0663643479347229e-07,-0.02030810946598649
multivariate_regression/mvar_071e42,2,Adam,8,256,0.7577073574066162,0.8402601480484009,-0.0027361876418581232,-0.002551217781729065,1.0663643479347229e-07,-0.02030810946598649
multivariate_regression/mvar_071e42,2,Adam,9,1,2.1119801998138428,1.9701786041259766,-0.0005808744244859554,0.000886271518538706,1.0663643479347229e-07,-0.02030810946598649
multivariate_regression/mvar_071e42,2,Adam,9,8,2.0766441822052,1.938302755355835,-0.007061936303216498,-0.006008364740409888,1.0663643479347229e-07,-0.02030810946598649
multivariate_regression/mvar_071e42,2,Adam,9,32,1.9527106285095215,1.8287752866744995,0.039728518124320544,0.040302221110323444,1.0663643479347229e-07,-0.02030810946598649
multivariate_regression/mvar_071e42,2,Adam,9,128,0.8517605066299438,0.8874755501747131,0.006989722445723601,0.00811242793861311,1.0663643479347229e-07,-0.02030810946598649
multivariate_regression/mvar_071e42,2,Adam,9,256,0.7696352005004883,0.8908790349960327,0.10168037406401709,0.11896182050986681,1.0663643479347229e-07,-0.02030810946598649
multivariate_regression/mvar_071e42,3,SGD,0,1,10.234092712402344,9.95611572265625,0.1550813977373764,0.15746988117462024,3.0000000668223947,2.9796918577048928
multivariate_regression/mvar_071e42,3,SGD,0,8,7.936348915100098,7.674241065979004,0.5844141042325646,0.5887301431503147,3.0000000668223947,2.9796918577048928
multivariate_regression/mvar_071e42,3,SGD,0,32,1.866807222366333,1.758326768875122,2.9467515628784895,2.9579736655578017,3.0000000668223947,2.9796918577048928
multivariate_regression/mvar_071e42,3,SGD,0,128,1.0546492338180542,1.0826385021209717,3.0048446469008923,3.004646291024983,3.0000000668223947,2.9796918577048928
multivariate_regression/mvar_071e42,3,SGD,0,256,0.8095643520355225,0.8661589622497559,2.9747601749841124,2.9794175014831126,3.0000000668223947,2.9796918577048928
multivariate_regression/mvar_071e42,3,SGD,1,1,11.035332679748535,10.771134376525879,0.01130008421750972,0.011778157859225757,3.0000000668223947,2.9796918577048928
multivariate_regression/mvar_071e42,3,SGD,1,8,9.185093879699707,8.922906875610352,0.3385575385764241,0.3412317145848647,3.0000000668223947,2.9796918577048928
multivariate_regression/mvar_071e42,3,SGD,1,32,2.351576328277588,2.18782901763916,2.4157924251630902,2.4268519626930356,3.0000000668223947,2.9796918577048928
multivariate_regression/mvar_071e42,3,SGD,1,128,1.122525691986084,1.132222294807434,3.0413209972903132,3.042237082030624,3.0000000668223947,2.9796918577048928
multivariate_regression/mvar_071e42,3,SGD,1,256,0.78920978307724,0.8435050249099731,2.9437521343352273,2.9416620787233114,3.0000000668223947,2.9796918577048928
multivariate_regression/mvar_071e42,3,SGD,2,1,10.25079345703125,9.976716995239258,0.1500706324877683,0.15289336630667094,3.0000000668223947,2.9796918577048928
multivariate_regression/mvar_071e42,3,SGD,2,8,8.257129669189453,8.00619125366211,0.5227936941664666,0.5247621932066977,3.0000000668223947,2.9796918577048928
multivariate_regression/mvar_071e42,3,SGD,2,32,2.034741163253784,1.897586703300476,2.77624006010592,2.7729060081765056,3.0000000668223947,2.9796918577048928
multivariate_regression/mvar_071e42,3,SGD,2,128,1.1488995552062988,1.1097151041030884,3.0066641326993704,2.992125293239951,3.0000000668223947,2.9796918577048928
multivariate_regression/mvar_071e42,3,SGD,2,256,0.7902089953422546,0.8198293447494507,3.0536969606764615,3.04244942846708,3.0000000668223947,2.9796918577048928
multivariate_regression/mvar_071e42,3,SGD,3,1,11.18062973022461,10.899065017700195,-0.012865267563029192,-0.011234063233132474,3.0000000668223947,2.9796918577048928
multivariate_regression/mvar_071e42,3,SGD,3,8,9.277166366577148,9.018763542175293,0.32100582896964625,0.32079080503899604,3.0000000668223947,2.9796918577048928
multivariate_regression/mvar_071e42,3,SGD,3,32,2.1374378204345703,1.9778972864151,2.6535673709586263,2.6479276912286878,3.0000000668223947,2.9796918577048928
multivariate_regression/mvar_071e42,3,SGD,3,128,1.2484663724899292,1.1939334869384766,3.0070104799233377,3.0084385806694627,3.0000000668223947,2.9796918577048928
multivariate_regression/mvar_071e42,3,SGD,3,256,0.8245086669921875,0.8770586252212524,3.1435393230058253,3.1456505700480193,3.0000000668223947,2.9796918577048928
multivariate_regression/mvar_071e42,3,SGD,4,1,10.757425308227539,10.508843421936035,0.06124522890604567,0.05833444470044924,3.0000000668223947,2.9796918577048928
multivariate_regression/mvar_071e42,3,SGD,4,8,8.260611534118652,8.028304100036621,0.5183049474144354,0.5151374314446002,3.0000000668223947,2.9796918577048928
multivariate_regression/mvar_071e42,3,SGD,4,32,1.909428596496582,1.7784180641174316,2.9081842135638,2.9049760783091187,3.0000000668223947,2.9796918577048928
multivariate_regression/mvar_071e42,3,SGD,4,128,0.973829984664917,0.9671614766120911,3.0816521956585348,3.080569814890623,3.0000000668223947,2.9796918577048928
multivariate_regression/mvar_071e42,3,SGD,4,256,0.7768758535385132,0.8479002714157104,3.0398852715734392,3.06173187145032,3.0000000668223947,2.9796918577048928
multivariate_regression/mvar_071e42,3,SGD,5,1,10.716793060302734,10.45915412902832,0.06967365827586036,0.06873614210053347,3.0000000668223947,2.9796918577048928
multivariate_regression/mvar_071e42,3,SGD,5,8,8.97300910949707,8.726855278015137,0.3824157260823995,0.3817347410367802,3.0000000668223947,2.9796918577048928
multivariate_regression/mvar_071e42,3,SGD,5,32,2.134122371673584,1.9908888339996338,2.6438724603503942,2.641380080021918,3.0000000668223947,2.9796918577048928
multivariate_regression/mvar_071e42,3,SGD,5,128,1.1077531576156616,1.1236094236373901,3.052998192142695,3.053019224666059,3.0000000668223947,2.9796918577048928
multivariate_regression/mvar_071e42,3,SGD,5,256,0.8134050369262695,0.8563964366912842,2.9707081608939916,2.975680574309081,3.0000000668223947,2.9796918577048928
multivariate_regression/mvar_071e42,3,SGD,6,1,11.484041213989258,11.217761039733887,-0.06129218255955493,-0.06224421923252521,3.0000000668223947,2.9796918577048928
multivariate_regression/mvar_071e42,3,SGD,6,8,9.860301971435547,9.606330871582031,0.21568768413271755,0.21457604260649532,3.0000000668223947,2.9796918577048928
multivariate_regression/mvar_071e42,3,SGD,6,32,2.851144790649414,2.684983730316162,2.1015557278878987,2.097423633094877,3.0000000668223947,2.9796918577048928
multivariate_regression/mvar_071e42,3,SGD,6,128,1.225682258605957,1.2300453186035156,2.92192096170038,2.9194950624369085,3.0000000668223947,2.9796918577048928
multivariate_regression/mvar_071e42,3,SGD,6,256,0.7888830900192261,0.8615440130233765,2.9431497796904296,2.947040669620037,3.0000000668223947,2.9796918577048928
multivariate_regression/mvar_071e42,3,SGD,7,1,10.635335922241211,10.393351554870605,0.07754062413005158,0.07428540538239758,3.0000000668223947,2.9796918577048928
multivariate_regression/mvar_071e42,3,SGD,7,8,8.743953704833984,8.516204833984375,0.42194617923814803,0.4173096134327352,3.0000000668223947,2.9796918577048928
multivariate_regression/mvar_071e42,3,SGD,7,32,2.1947641372680664,2.0206246376037598,2.614892413839698,2.6046246672049165,3.0000000668223947,2.9796918577048928
multivariate_regression/mvar_071e42,3,SGD,7,128,1.1338889598846436,1.076521396636963,3.0322646098211408,3.0266391709446907,3.0000000668223947,2.9796918577048928
multivariate_regression/mvar_071e42,3,SGD,7,256,0.8010038137435913,0.8367853760719299,2.8889842801727355,2.8944196867523715,3.0000000668223947,2.9796918577048928
multivariate_regression/mvar_071e42,3,SGD,8,1,10.714151382446289,10.460457801818848,0.06759687393059721,0.06623401627439307,3.0000000668223947,2.9796918577048928
multivariate_regression/mvar_071e42,3,SGD,8,8,8.711688041687012,8.472951889038086,0.4323242475511506,0.4303292130352929,3.0000000668223947,2.9796918577048928
multivariate_regression/mvar_071e42,3,SGD,8,32,2.1011743545532227,1.951405644416809,2.7599410880357027,2.7576108863577247,3.0000000668223947,2.9796918577048928
multivariate_regression/mvar_071e42,3,SGD,8,128,1.3485677242279053,1.3149199485778809,3.0450607826933265,3.0468879644759,3.0000000668223947,2.9796918577048928
multivariate_regression/mvar_071e42,3,SGD,8,256,0.8203628063201904,0.85542893409729,2.9957418306730688,2.9949260717257857,3.0000000668223947,2.9796918577048928
multivariate_regression/mvar_071e42,3,SGD,9,1,10.827106475830078,10.556133270263672,0.04763364024256589,0.04920208393014036,3.0000000668223947,2.9796918577048928
multivariate_regression/mvar_071e42,3,SGD,9,8,9.015105247497559,8.754448890686035,0.3659486524993554,0.36891146446578205,3.0000000668223947,2.9796918577048928
multivariate_regression/mvar_071e42,3,SGD,9,32,1.9941728115081787,1.8565056324005127,2.6507549146190286,2.660926055163145,3.0000000668223947,2.9796918577048928
multivariate_regression/mvar_071e42,3,SGD,9,128,0.9538184404373169,0.9626081585884094,3.0171822011470795,3.0182012263685465,3.0000000668223947,2.9796918577048928
multivariate_regression/mvar_071e42,3,SGD,9,256,0.7883626222610474,0.87485271692276,3.1483168287668377,3.1585271251387894,3.0000000668223947,2.9796918577048928
multivariate_regression/mvar_071e42,3,Adam,0,1,10.462644577026367,10.183104515075684,0.1158089497112087,0.11805747749167494,3.0000000668223947,2.9796918577048928
multivariate_regression/mvar_071e42,3,Adam,0,8,9.876935005187988,9.599503517150879,0.21742232830729336,0.2203795651148539,3.0000000668223947,2.9796918577048928
multivariate_regression/mvar_071e42,3,Adam,0,32,7.841665267944336,7.577296257019043,0.603831733809784,0.6090439431136474,3.0000000668223947,2.9796918577048928
multivariate_regression/mvar_071e42,3,Adam,0,128,1.8382713794708252,1.7391729354858398,2.8476385604590178,2.8536542737856507,3.0000000668223947,2.9796918577048928
multivariate_regression/mvar_071e42,3,Adam,0,256,0.9244714379310608,0.9788236618041992,2.9631550791673362,2.9611303275451064,3.0000000668223947,2.9796918577048928
multivariate_regression/mvar_071e42,3,Adam,1,1,11.253947257995605,10.990225791931152,-0.025134744377282914,-0.02497525377839338,3.0000000668223947,2.9796918577048928
multivariate_regression/mvar_071e42,3,Adam,1,8,10.724851608276367,10.461225509643555,0.0634651655855123,0.06427040253765881,3.0000000668223947,2.9796918577048928
multivariate_regression/mvar_071e42,3,Adam,1,32,8.974326133728027,8.715876579284668,0.37697784567717463,0.3794944997644052,3.0000000668223947,2.9796918577048928
multivariate_regression/mvar_071e42,3,Adam,1,128,2.1135215759277344,1.9722241163253784,2.6056170100346208,2.612016717903316,3.0000000668223947,2.9796918577048928
multivariate_regression/mvar_071e42,3,Adam,1,256,1.0140910148620605,1.036022663116455,2.9265512470155954,2.9227820695377886,3.0000000668223947,2.9796918577048928
multivariate_regression/mvar_071e42,3,Adam,2,1,10.419761657714844,10.14398193359375,0.12059730391774792,0.12347207294078544,3.0000000668223947,2.9796918577048928
multivariate_regression/mvar_071e42,3,Adam,2,8,9.877311706542969,9.609176635742188,0.2158184028812684,0.21833388396771625,3.0000000668223947,2.9796918577048928
multivariate_regression/mvar_071e42,3,Adam,2,32,7.964443206787109,7.722498893737793,0.5799785885028541,0.5816531515447423,3.0000000668223947,2.9796918577048928
multivariate_regression/mvar_071e42,3,Adam,2,128,1.913209080696106,1.7956771850585938,2.8665645672008395,2.863905906677246,3.0000000668223947,2.9796918577048928
multivariate_regression/mvar_071e42,3,Adam,2,256,0.9696609973907471,0.9794529676437378,2.9422503551468253,2.9302651649340987,3.0000000668223947,2.9796918577048928
multivariate_regression/mvar_071e42,3,Adam,3,1,11.342453956604004,11.058517456054688,-0.03971853869734332,-0.03787726542213932,3.0000000668223947,2.9796918577048928
multivariate_regression/mvar_071e42,3,Adam,3,8,10.82309341430664,10.545618057250977,0.046684364846441895,0.04799886897671968,3.0000000668223947,2.9796918577048928
multivariate_regression/mvar_071e42,3,Adam,3,32,8.959506034851074,8.706207275390625,0.3797570592723787,0.3790845236508176,3.0000000668223947,2.9796918577048928
multivariate_regression/mvar_071e42,3,Adam,3,128,2.010446786880493,1.863818645477295,2.788136371411383,2.783714228309691,3.0000000668223947,2.9796918577048928
multivariate_regression/mvar_071e42,3,Adam,3,256,1.1063965559005737,1.0831025838851929,2.9330198168754578,2.93432214576751,3.0000000668223947,2.9796918577048928
multivariate_regression/mvar_071e42,3,Adam,4,1,10.997605323791504,10.747881889343262,0.020965665411495138,0.01800824184465455,3.0000000668223947,2.9796918577048928
multivariate_regression/mvar_071e42,3,Adam,4,8,10.386350631713867,10.140066146850586,0.12482874738634564,0.12187430035555735,3.0000000668223947,2.9796918577048928
multivariate_regression/mvar_071e42,3,Adam,4,32,8.183396339416504,7.9500579833984375,0.5360549201723188,0.5333630878012627,3.0000000668223947,2.9796918577048928
multivariate_regression/mvar_071e42,3,Adam,4,128,1.7779018878936768,1.6677371263504028,2.981163148768246,2.984586250036955,3.0000000668223947,2.9796918577048928
multivariate_regression/mvar_071e42,3,Adam,4,256,0.8398674130439758,0.8866821527481079,2.953819085843861,2.9563726850319654,3.0000000668223947,2.9796918577048928
multivariate_regression/mvar_071e42,3,Adam,5,1,10.88298511505127,10.624995231628418,0.041579994052881375,0.04054025399091188,3.0000000668223947,2.9796918577048928
multivariate_regression/mvar_071e42,3,Adam,5,8,10.353545188903809,10.09937858581543,0.1322641531151021,0.13120093700126745,3.0000000668223947,2.9796918577048928
multivariate_regression/mvar_071e42,3,Adam,5,32,8.500932693481445,8.261177062988281,0.4751582044409588,0.4739317763596773,3.0000000668223947,2.9796918577048928
multivariate_regression/mvar_071e42,3,Adam,5,128,1.9352258443832397,1.8138792514801025,2.7757331235334277,2.77069647423923,3.0000000668223947,2.9796918577048928
multivariate_regression/mvar_071e42,3,Adam,5,256,0.9838577508926392,1.0158302783966064,3.025041945744306,3.0283605130389333,3.0000000668223947,2.9796918577048928
multivariate_regression/mvar_071e42,3,Adam,6,1,11.677754402160645,11.409842491149902,-0.0926900388149079,-0.09358666386106052,3.0000000668223947,2.9796918577048928
multivariate_regression/mvar_071e42,3,Adam,6,8,11.146610260009766,10.880571365356445,-0.005741501539887395,-0.0063936425794963725,3.0000000668223947,2.9796918577048928
multivariate_regression/mvar_071e42,3,Adam,6,32,9.381948471069336,9.122161865234375,0.3027246344136074,0.303124958765693,3.0000000668223947,2.9796918577048928
multivariate_regression/mvar_071e42,3,Adam,6,128,2.1048731803894043,1.951371431350708,2.648730034008622,2.650257688947022,3.0000000668223947,2.9796918577048928
multivariate_regression/mvar_071e42,3,Adam,6,256,1.0791130065917969,1.1130943298339844,2.9490042100660503,2.943817501422018,3.0000000668223947,2.9796918577048928
multivariate_regression/mvar_071e42,3,Adam,7,1,10.868810653686523,10.624893188476562,0.037778548590722494,0.0346935722627677,3.0000000668223947,2.9796918577048928
multivariate_regression/mvar_071e42,3,Adam,7,8,10.328923225402832,10.087526321411133,0.13017561423475854,0.12702712210011669,3.0000000668223947,2.9796918577048928
multivariate_regression/mvar_071e42,3,Adam,7,32,8.461191177368164,8.22795581817627,0.47518029250204563,0.47191805648617446,3.0000000668223947,2.9796918577048928
multivariate_regression/mvar_071e42,3,Adam,7,128,1.9166624546051025,1.7619832754135132,2.8070386219769716,2.806229528039694,3.0000000668223947,2.9796918577048928
multivariate_regression/mvar_071e42,3,Adam,7,256,0.9144036769866943,0.9257891774177551,2.885730009060353,2.884599983226508,3.0000000668223947,2.9796918577048928
multivariate_regression/mvar_071e42,3,Adam,8,1,10.91850757598877,10.66321849822998,0.032799389911815524,0.03153524770459626,3.0000000668223947,2.9796918577048928
multivariate_regression/mvar_071e42,3,Adam,8,8,10.408916473388672,10.157074928283691,0.12008130704634823,0.11868227066588588,3.0000000668223947,2.9796918577048928
multivariate_regression/mvar_071e42,3,Adam,8,32,8.649436950683594,8.40627670288086,0.4437385865021497,0.44261461216956377,3.0000000668223947,2.9796918577048928
multivariate_regression/mvar_071e42,3,Adam,8,128,2.1397016048431396,1.9799370765686035,2.6154789058491588,2.620584264397621,3.0000000668223947,2.9796918577048928
multivariate_regression/mvar_071e42,3,Adam,8,256,1.1675454378128052,1.1487408876419067,2.987670697737485,2.98742014169693,3.0000000668223947,2.9796918577048928
multivariate_regression/mvar_071e42,3,Adam,9,1,10.986581802368164,10.714458465576172,0.021306110909790732,0.022831840193248354,3.0000000668223947,2.9796918577048928
multivariate_regression/mvar_071e42,3,Adam,9,8,10.445364952087402,10.176660537719727,0.11193843864020891,0.11375361704267561,3.0000000668223947,2.9796918577048928
multivariate_regression/mvar_071e42,3,Adam,9,32,8.592493057250977,8.334126472473145,0.4467543977079913,0.45012975891586393,3.0000000668223947,2.9796918577048928
multivariate_regression/mvar_071e42,3,Adam,9,128,1.7896714210510254,1.6819041967391968,2.8680184250697494,2.8741489443928003,3.0000000668223947,2.9796918577048928
multivariate_regression/mvar_071e42,3,Adam,9,256,0.8697686195373535,0.9167792201042175,3.0234748034272343,3.0262566132005304,3.0000000668223947,2.9796918577048928
multivariate_regression/mvar_0852dd,0,SGD,0,1,23.590497970581055,22.91595458984375,0.010474420283571817,0.010455513118358795,-4.675338792614639,-4.619386930949986
multivariate_regression/mvar_0852dd,0,SGD,0,8,16.863462448120117,16.352252960205078,-0.7727230342570692,-0.7632889780215919,-4.675338792614639,-4.619386930949986
multivariate_regression/mvar_0852dd,0,SGD,0,32,1.4823837280273438,1.3801020383834839,-4.656009765341878,-4.6222510896623135,-4.675338792614639,-4.619386930949986
multivariate_regression/mvar_0852dd,0,SGD,0,128,0.8272706270217896,0.8056930303573608,-4.712025867775083,-4.719266201369464,-4.675338792614639,-4.619386930949986
multivariate_regression/mvar_0852dd,0,SGD,0,256,0.6763014197349548,0.6529901623725891,-4.493011207319796,-4.517481387592852,-4.675338792614639,-4.619386930949986
multivariate_regression/mvar_0852dd,0,SGD,1,1,22.43749237060547,21.79999542236328,-0.11432982989936136,-0.11241614795289934,-4.675338792614639,-4.619386930949986
multivariate_regression/mvar_0852dd,0,SGD,1,8,16.372404098510742,15.86276626586914,-0.8342549076769501,-0.8266103742644191,-4.675338792614639,-4.619386930949986
multivariate_regression/mvar_0852dd,0,SGD,1,32,1.4093724489212036,1.3231253623962402,-4.56811389233917,-4.5468622064217925,-4.675338792614639,-4.619386930949986
multivariate_regression/mvar_0852dd,0,SGD,1,128,0.7672027349472046,0.7462913393974304,-4.6287515023723245,-4.64962856285274,-4.675338792614639,-4.619386930949986
multivariate_regression/mvar_0852dd,0,SGD,1,256,0.6541067361831665,0.631079912185669,-4.5342380348593,-4.562290038913488,-4.675338792614639,-4.619386930949986
multivariate_regression/mvar_0852dd,0,SGD,2,1,23.75663948059082,23.070091247558594,0.027943939305259846,0.02699094636773225,-4.675338792614639,-4.619386930949986
multivariate_regression/mvar_0852dd,0,SGD,2,8,18.78948402404785,18.207172393798828,-0.5306823791470379,-0.5276021182071418,-4.675338792614639,-4.619386930949986
multivariate_regression/mvar_0852dd,0,SGD,2,32,1.428329586982727,1.3415255546569824,-4.74655407294631,-4.719274552538991,-4.675338792614639,-4.619386930949986
multivariate_regression/mvar_0852dd,0,SGD,2,128,0.798861563205719,0.774681031703949,-4.692184403538704,-4.688518061302602,-4.675338792614639,-4.619386930949986
multivariate_regression/mvar_0852dd,0,SGD,2,256,0.6607276797294617,0.6535171866416931,-4.561938448809087,-4.587794720195234,-4.675338792614639,-4.619386930949986
multivariate_regression/mvar_0852dd,0,SGD,3,1,22.331911087036133,21.660221099853516,-0.12084122518717777,-0.12272442017274443,-4.675338792614639,-4.619386930949986
multivariate_regression/mvar_0852dd,0,SGD,3,8,17.584707260131836,17.008058547973633,-0.6760032607708126,-0.6740422791335732,-4.675338792614639,-4.619386930949986
multivariate_regression/mvar_0852dd,0,SGD,3,32,1.5023249387741089,1.3764913082122803,-4.696779569610953,-4.679479474201798,-4.675338792614639,-4.619386930949986
multivariate_regression/mvar_0852dd,0,SGD,3,128,0.9599690437316895,0.8736189603805542,-4.592772820964456,-4.60356561653316,-4.675338792614639,-4.619386930949986
multivariate_regression/mvar_0852dd,0,SGD,3,256,0.6570961475372314,0.6340838670730591,-4.646394492127001,-4.691375259310007,-4.675338792614639,-4.619386930949986
multivariate_regression/mvar_0852dd,0,SGD,4,1,22.74089813232422,22.08942985534668,-0.07939396962319734,-0.0786715273570735,-4.675338792614639,-4.619386930949986
multivariate_regression/mvar_0852dd,0,SGD,4,8,16.710752487182617,16.192153930664062,-0.7897026785649359,-0.7822933366987854,-4.675338792614639,-4.619386930949986
multivariate_regression/mvar_0852dd,0,SGD,4,32,1.454869031906128,1.33043372631073,-4.590210868045688,-4.560162968933582,-4.675338792614639,-4.619386930949986
multivariate_regression/mvar_0852dd,0,SGD,4,128,0.8373970985412598,0.7635087370872498,-4.71537609025836,-4.711606469005346,-4.675338792614639,-4.619386930949986
multivariate_regression/mvar_0852dd,0,SGD,4,256,0.6344584822654724,0.607414960861206,-4.653157188557088,-4.675197129137814,-4.675338792614639,-4.619386930949986
multivariate_regression/mvar_0852dd,0,SGD,5,1,23.08820343017578,22.438663482666016,-0.04464397594711045,-0.042332450779213104,-4.675338792614639,-4.619386930949986
multivariate_regression/mvar_0852dd,0,SGD,5,8,18.134654998779297,17.600940704345703,-0.6137562191579491,-0.6051021656021476,-4.675338792614639,-4.619386930949986
multivariate_regression/mvar_0852dd,0,SGD,5,32,1.5149927139282227,1.3998843431472778,-4.657371607609093,-4.620138445869088,-4.675338792614639,-4.619386930949986
multivariate_regression/mvar_0852dd,0,SGD,5,128,0.8751785755157471,0.8182603120803833,-4.6403345772996545,-4.637270545586944,-4.675338792614639,-4.619386930949986
multivariate_regression/mvar_0852dd,0,SGD,5,256,0.6569057703018188,0.6561843156814575,-4.742051589302719,-4.767909079790115,-4.675338792614639,-4.619386930949986
multivariate_regression/mvar_0852dd,0,SGD,6,1,21.909440994262695,21.271854400634766,-0.17008440478821285,-0.16859692582511343,-4.675338792614639,-4.619386930949986
multivariate_regression/mvar_0852dd,0,SGD,6,8,16.52108383178711,15.998659133911133,-0.8118535147514194,-0.8051232118159533,-4.675338792614639,-4.619386930949986
multivariate_regression/mvar_0852dd,0,SGD,6,32,1.4430959224700928,1.333754301071167,-4.666030390188098,-4.632843318395317,-4.675338792614639,-4.619386930949986
multivariate_regression/mvar_0852dd,0,SGD,6,128,0.8723518252372742,0.8096018433570862,-4.6121922098100185,-4.603340157307684,-4.675338792614639,-4.619386930949986
multivariate_regression/mvar_0852dd,0,SGD,6,256,0.6375254988670349,0.6326059699058533,-4.676597524434328,-4.695579731836915,-4.675338792614639,-4.619386930949986
multivariate_regression/mvar_0852dd,0,SGD,7,1,22.988800048828125,22.337493896484375,-0.05163211208127905,-0.050116494559915736,-4.675338792614639,-4.619386930949986
multivariate_regression/mvar_0852dd,0,SGD,7,8,17.24795913696289,16.713666915893555,-0.7188227414153516,-0.7125314639415592,-4.675338792614639,-4.619386930949986
multivariate_regression/mvar_0852dd,0,SGD,7,32,1.3408846855163574,1.246971845626831,-4.674218751490116,-4.648686897009611,-4.675338792614639,-4.619386930949986
multivariate_regression/mvar_0852dd,0,SGD,7,128,0.7219913005828857,0.7043451070785522,-4.6198518965393305,-4.631682379171252,-4.675338792614639,-4.619386930949986
multivariate_regression/mvar_0852dd,0,SGD,7,256,0.6371895670890808,0.6372354626655579,-4.640736758708954,-4.671136794611812,-4.675338792614639,-4.619386930949986
multivariate_regression/mvar_0852dd,0,SGD,8,1,22.995956420898438,22.330093383789062,-0.05299824218673166,-0.05345248033700045,-4.675338792614639,-4.619386930949986
multivariate_regression/mvar_0852dd,0,SGD,8,8,17.495014190673828,16.93608856201172,-0.6912749982438982,-0.688520663883537,-4.675338792614639,-4.619386930949986
multivariate_regression/mvar_0852dd,0,SGD,8,32,1.4933305978775024,1.407810926437378,-4.67456972040236,-4.657552987337112,-4.675338792614639,-4.619386930949986
multivariate_regression/mvar_0852dd,0,SGD,8,128,0.8947011828422546,0.8308509588241577,-4.632178013212979,-4.649279437959194,-4.675338792614639,-4.619386930949986
multivariate_regression/mvar_0852dd,0,SGD,8,256,0.6480439901351929,0.6162645816802979,-4.6144406497478485,-4.653456345200539,-4.675338792614639,-4.619386930949986
multivariate_regression/mvar_0852dd,0,SGD,9,1,22.947246551513672,22.2857608795166,-0.05787459523708094,-0.058097212327993475,-4.675338792614639,-4.619386930949986
multivariate_regression/mvar_0852dd,0,SGD,9,8,17.39808464050293,16.83641815185547,-0.7032501434441656,-0.7001538793556392,-4.675338792614639,-4.619386930949986
multivariate_regression/mvar_0852dd,0,SGD,9,32,1.4407131671905518,1.3119089603424072,-4.656647052615881,-4.635740593075752,-4.675338792614639,-4.619386930949986
multivariate_regression/mvar_0852dd,0,SGD,9,128,0.7686306238174438,0.678165078163147,-4.6445778561756015,-4.663937984034419,-4.675338792614639,-4.619386930949986
multivariate_regression/mvar_0852dd,0,SGD,9,256,0.6410642862319946,0.5894545316696167,-4.6174453208222985,-4.651878187432885,-4.675338792614639,-4.619386930949986
multivariate_regression/mvar_0852dd,0,Adam,0,1,24.354835510253906,23.662187576293945,0.09129555796243949,0.09033287871716311,-4.675338792614639,-4.619386930949986
multivariate_regression/mvar_0852dd,0,Adam,0,8,23.404788970947266,22.733837127685547,-0.00948504387633875,-0.009373438901093323,-4.675338792614639,-4.619386930949986
multivariate_regression/mvar_0852dd,0,Adam,0,32,20.1982364654541,19.600160598754883,-0.3673071402590722,-0.3635299621382728,-4.675338792614639,-4.619386930949986
multivariate_regression/mvar_0852dd,0,Adam,0,128,3.930232286453247,3.694943904876709,-3.1520113591104746,-3.1317802956327796,-4.675338792614639,-4.619386930949986
multivariate_regression/mvar_0852dd,0,Adam,0,256,1.2126686573028564,1.127974033355713,-4.608943928964436,-4.600102351978421,-4.675338792614639,-4.619386930949986
multivariate_regression/mvar_0852dd,0,Adam,1,1,23.009780883789062,22.36124038696289,-0.05214905510365497,-0.050656415267440025,-4.675338792614639,-4.619386930949986
multivariate_regression/mvar_0852dd,0,Adam,1,8,22.17238998413086,21.54161834716797,-0.1436620225722436,-0.14133579508052208,-4.675338792614639,-4.619386930949986
multivariate_regression/mvar_0852dd,0,Adam,1,32,19.06238555908203,18.501007080078125,-0.5011122422292829,-0.49532912322320044,-4.675338792614639,-4.619386930949986
multivariate_regression/mvar_0852dd,0,Adam,1,128,2.7481110095977783,2.580662727355957,-3.61250535864383,-3.588097520172596,-4.675338792614639,-4.619386930949986
multivariate_regression/mvar_0852dd,0,Adam,1,256,1.129683256149292,1.0745114088058472,-4.627849743701518,-4.626628819853067,-4.675338792614639,-4.619386930949986
multivariate_regression/mvar_0852dd,0,Adam,2,1,24.407814025878906,23.708106994628906,0.09631334477307973,0.09494079397700261,-4.675338792614639,-4.619386930949986
multivariate_regression/mvar_0852dd,0,Adam,2,8,23.53040885925293,22.850719451904297,0.00394688050437253,0.003504488129692618,-4.675338792614639,-4.619386930949986
multivariate_regression/mvar_0852dd,0,Adam,2,32,20.618194580078125,20.00293731689453,-0.3166046714177355,-0.31414795108139515,-4.675338792614639,-4.619386930949986
multivariate_regression/mvar_0852dd,0,Adam,2,128,3.9542312622070312,3.7213833332061768,-3.12099243234843,-3.0983190201222897,-4.675338792614639,-4.619386930949986
multivariate_regression/mvar_0852dd,0,Adam,2,256,1.1157945394515991,1.0253950357437134,-4.619166437536478,-4.603804314509034,-4.675338792614639,-4.619386930949986
multivariate_regression/mvar_0852dd,0,Adam,3,1,22.861583709716797,22.17951011657715,-0.0630118056142237,-0.06530020025093108,-4.675338792614639,-4.619386930949986
multivariate_regression/mvar_0852dd,0,Adam,3,8,22.08808708190918,21.422155380249023,-0.14786812977399677,-0.14946409928961657,-4.675338792614639,-4.619386930949986
multivariate_regression/mvar_0852dd,0,Adam,3,32,19.463336944580078,18.85199546813965,-0.448393298080191,-0.44765374111011624,-4.675338792614639,-4.619386930949986
multivariate_regression/mvar_0852dd,0,Adam,3,128,4.365861892700195,4.078620433807373,-3.0058517567813396,-2.9956624172627926,-4.675338792614639,-4.619386930949986
multivariate_regression/mvar_0852dd,0,Adam,3,256,1.2206294536590576,1.1167042255401611,-4.591113355010748,-4.5932362619787455,-4.675338792614639,-4.619386930949986
multivariate_regression/mvar_0852dd,0,Adam,4,1,23.389156341552734,22.724231719970703,-0.009360746524180286,-0.00925173086943687,-4.675338792614639,-4.619386930949986
multivariate_regression/mvar_0852dd,0,Adam,4,8,22.456695556640625,21.811826705932617,-0.11031311069382355,-0.1093073866359191,-4.675338792614639,-4.619386930949986
multivariate_regression/mvar_0852dd,0,Adam,4,32,19.340572357177734,18.764690399169922,-0.4652088430011645,-0.4608235922642052,-4.675338792614639,-4.619386930949986
multivariate_regression/mvar_0852dd,0,Adam,4,128,4.5107421875,4.2480950355529785,-2.967114808037877,-2.9497178392484784,-4.675338792614639,-4.619386930949986
multivariate_regression/mvar_0852dd,0,Adam,4,256,1.310654878616333,1.1970304250717163,-4.645228772424161,-4.632700940594077,-4.675338792614639,-4.619386930949986
multivariate_regression/mvar_0852dd,0,Adam,5,1,23.59762191772461,22.937362670898438,0.009847429799265228,0.01168798042635899,-4.675338792614639,-4.619386930949986
multivariate_regression/mvar_0852dd,0,Adam,5,8,22.74213981628418,22.103473663330078,-0.08209680330764968,-0.07900912396144122,-4.675338792614639,-4.619386930949986
multivariate_regression/mvar_0852dd,0,Adam,5,32,19.73617172241211,19.173206329345703,-0.42146547767333686,-0.41374864405952394,-4.675338792614639,-4.619386930949986
multivariate_regression/mvar_0852dd,0,Adam,5,128,3.3474411964416504,3.143019437789917,-3.35766320489347,-3.326885698363185,-4.675338792614639,-4.619386930949986
multivariate_regression/mvar_0852dd,0,Adam,5,256,1.2027091979980469,1.1066081523895264,-4.597984050400555,-4.580442072823644,-4.675338792614639,-4.619386930949986
multivariate_regression/mvar_0852dd,0,Adam,6,1,22.382614135742188,21.735143661499023,-0.1180319027043879,-0.11695527817937545,-4.675338792614639,-4.619386930949986
multivariate_regression/mvar_0852dd,0,Adam,6,8,21.565279006958008,20.93416976928711,-0.20831416454166174,-0.2066218905383721,-4.675338792614639,-4.619386930949986
multivariate_regression/mvar_0852dd,0,Adam,6,32,18.57469367980957,18.008337020874023,-0.5558645571582019,-0.5512381378794089,-4.675338792614639,-4.619386930949986
multivariate_regression/mvar_0852dd,0,Adam,6,128,3.5385003089904785,3.3140780925750732,-3.2801226917654276,-3.2563848793506622,-4.675338792614639,-4.619386930949986
multivariate_regression/mvar_0852dd,0,Adam,6,256,1.2404875755310059,1.1366252899169922,-4.610961250960827,-4.593694427981973,-4.675338792614639,-4.619386930949986
multivariate_regression/mvar_0852dd,0,Adam,7,1,23.557790756225586,22.89588165283203,0.009376565591082908,0.01056483962747734,-4.675338792614639,-4.619386930949986
multivariate_regression/mvar_0852dd,0,Adam,7,8,22.686111450195312,22.041580200195312,-0.08460773635306396,-0.0827082238974981,-4.675338792614639,-4.619386930949986
multivariate_regression/mvar_0852dd,0,Adam,7,32,19.60633087158203,19.02233123779297,-0.4323868931969628,-0.42804521159268916,-4.675338792614639,-4.619386930949986
multivariate_regression/mvar_0852dd,0,Adam,7,128,4.1724443435668945,3.918304920196533,-3.054444532841444,-3.0363251408562064,-4.675338792614639,-4.619386930949986
multivariate_regression/mvar_0852dd,0,Adam,7,256,1.0846036672592163,0.988955020904541,-4.584985914640129,-4.572666214779019,-4.675338792614639,-4.619386930949986
multivariate_regression/mvar_0852dd,0,Adam,8,1,23.58144187927246,22.905237197875977,0.009788170587853529,0.009098244699998759,-4.675338792614639,-4.619386930949986
multivariate_regression/mvar_0852dd,0,Adam,8,8,22.78295135498047,22.121963500976562,-0.07620869849051815,-0.07644635354517959,-4.675338792614639,-4.619386930949986
multivariate_regression/mvar_0852dd,0,Adam,8,32,20.107589721679688,19.498634338378906,-0.37704998801928014,-0.3756891858065501,-4.675338792614639,-4.619386930949986
multivariate_regression/mvar_0852dd,0,Adam,8,128,5.125305652618408,4.845101356506348,-2.802781227044761,-2.789492718875408,-4.675338792614639,-4.619386930949986
multivariate_regression/mvar_0852dd,0,Adam,8,256,1.2712202072143555,1.1714926958084106,-4.6259785303846,-4.6188938189297915,-4.675338792614639,-4.619386930949986
multivariate_regression/mvar_0852dd,0,Adam,9,1,23.443660736083984,22.774259567260742,-0.00445548772404436,-0.004849321318033617,-4.675338792614639,-4.619386930949986
multivariate_regression/mvar_0852dd,0,Adam,9,8,22.587352752685547,21.933462142944336,-0.09703349853225518,-0.09685574425384402,-4.675338792614639,-4.619386930949986
multivariate_regression/mvar_0852dd,0,Adam,9,32,19.40829849243164,18.817214965820312,-0.45863430306781083,-0.4556630761362612,-4.675338792614639,-4.619386930949986
multivariate_regression/mvar_0852dd,0,Adam,9,128,2.8673887252807617,2.651461362838745,-3.5416759606450796,-3.5187367368489504,-4.675338792614639,-4.619386930949986
multivariate_regression/mvar_0852dd,0,Adam,9,256,1.0572727918624878,0.9437925219535828,-4.597833753563464,-4.596626287326217,-4.675338792614639,-4.619386930949986
multivariate_regression/mvar_0852dd,1,SGD,0,1,10.896768569946289,10.403684616088867,0.04355504475097405,0.04314817622071132,-3.0000000474974513,-2.9440481858327985
multivariate_regression/mvar_0852dd,1,SGD,0,8,8.3964204788208,7.9819746017456055,-0.39903154759667814,-0.3940560987684876,-3.0000000474974513,-2.9440481858327985
multivariate_regression/mvar_0852dd,1,SGD,0,32,1.6705178022384644,1.5240334272384644,-2.6763444114476442,-2.651637740433216,-3.0000000474974513,-2.9440481858327985
multivariate_regression/mvar_0852dd,1,SGD,0,128,1.0194437503814697,0.9667805433273315,-3.042978440411389,-3.0457275197841227,-3.0000000474974513,-2.9440481858327985
multivariate_regression/mvar_0852dd,1,SGD,0,256,0.6889073848724365,0.6606899499893188,-2.831443138187751,-2.8555405135266483,-3.0000000474974513,-2.9440481858327985
multivariate_regression/mvar_0852dd,1,SGD,1,1,10.117855072021484,9.657173156738281,-0.08743328154378105,-0.08572786366858054,-3.0000000474974513,-2.9440481858327985
multivariate_regression/mvar_0852dd,1,SGD,1,8,8.070337295532227,7.667009353637695,-0.46097181527875364,-0.456633715191856,-3.0000000474974513,-2.9440481858327985
multivariate_regression/mvar_0852dd,1,SGD,1,32,1.55369234085083,1.4283647537231445,-2.7710818396881223,-2.7541797505691648,-3.0000000474974513,-2.9440481858327985
multivariate_regression/mvar_0852dd,1,SGD,1,128,0.9264887571334839,0.8884448409080505,-2.9675044044852257,-2.9834729451686144,-3.0000000474974513,-2.9440481858327985
multivariate_regression/mvar_0852dd,1,SGD,1,256,0.6539056301116943,0.6395732164382935,-2.9097696328535676,-2.9432901153340936,-3.0000000474974513,-2.9440481858327985
multivariate_regression/mvar_0852dd,1,SGD,2,1,10.970592498779297,10.469983100891113,0.055112998466938734,0.05396633211057633,-3.0000000474974513,-2.9440481858327985
multivariate_regression/mvar_0852dd,1,SGD,2,8,9.053975105285645,8.608392715454102,-0.273512834275607,-0.2722991689806804,-3.0000000474974513,-2.9440481858327985
multivariate_regression/mvar_0852dd,1,SGD,2,32,1.7151449918746948,1.562568187713623,-2.5458955448120832,-2.529847824946046,-3.0000000474974513,-2.9440481858327985
multivariate_regression/mvar_0852dd,1,SGD,2,128,0.9653537273406982,0.9089280366897583,-3.004218333866447,-3.000316502060741,-3.0000000474974513,-2.9440481858327985
multivariate_regression/mvar_0852dd,1,SGD,2,256,0.6603323221206665,0.6561727523803711,-2.9170570562127978,-2.9406899278983474,-3.0000000474974513,-2.9440481858327985
multivariate_regression/mvar_0852dd,1,SGD,3,1,10.018421173095703,9.53669261932373,-0.096486661102972,-0.09854964571422897,-3.0000000474974513,-2.9440481858327985
multivariate_regression/mvar_0852dd,1,SGD,3,8,8.33372688293457,7.898652076721191,-0.40287695440929383,-0.4028011722257361,-3.0000000474974513,-2.9440481858327985
multivariate_regression/mvar_0852dd,1,SGD,3,32,1.7630864381790161,1.58405339717865,-2.536626238375902,-2.5256730411201715,-3.0000000474974513,-2.9440481858327985
multivariate_regression/mvar_0852dd,1,SGD,3,128,1.1512645483016968,1.0471737384796143,-2.960296094417572,-2.9647959899157286,-3.0000000474974513,-2.9440481858327985
multivariate_regression/mvar_0852dd,1,SGD,3,256,0.6886221766471863,0.6568562984466553,-2.9666614250745624,-3.0061463366728276,-3.0000000474974513,-2.9440481858327985
multivariate_regression/mvar_0852dd,1,SGD,4,1,10.327646255493164,9.856241226196289,-0.04874077824206324,-0.04829084632365266,-3.0000000474974513,-2.9440481858327985
multivariate_regression/mvar_0852dd,1,SGD,4,8,8.178611755371094,7.769897937774658,-0.43777029984630644,-0.43376332870684564,-3.0000000474974513,-2.9440481858327985
multivariate_regression/mvar_0852dd,1,SGD,4,32,1.6098511219024658,1.4613475799560547,-2.720274332910776,-2.698480999097228,-3.0000000474974513,-2.9440481858327985
multivariate_regression/mvar_0852dd,1,SGD,4,128,1.024782419204712,0.9276615381240845,-3.000147780403495,-2.993744846433401,-3.0000000474974513,-2.9440481858327985
multivariate_regression/mvar_0852dd,1,SGD,4,256,0.6565157175064087,0.6186957359313965,-2.991966732311994,-3.0133588346652687,-3.0000000474974513,-2.9440481858327985
multivariate_regression/mvar_0852dd,1,SGD,5,1,10.524396896362305,10.050389289855957,-0.020227882007020526,-0.01815835273009725,-3.0000000474974513,-2.9440481858327985
multivariate_regression/mvar_0852dd,1,SGD,5,8,8.699947357177734,8.281036376953125,-0.3425443056621589,-0.33706304780207574,-3.0000000474974513,-2.9440481858327985
multivariate_regression/mvar_0852dd,1,SGD,5,32,1.8238365650177002,1.6601781845092773,-2.51141711557284,-2.485912000760436,-3.0000000474974513,-2.9440481858327985
multivariate_regression/mvar_0852dd,1,SGD,5,128,1.0885555744171143,1.0079636573791504,-2.9812949025072157,-2.9739404530264437,-3.0000000474974513,-2.9440481858327985
multivariate_regression/mvar_0852dd,1,SGD,5,256,0.6849817037582397,0.6738647818565369,-3.052084102295339,-3.0738989878445864,-3.0000000474974513,-2.9440481858327985
multivariate_regression/mvar_0852dd,1,SGD,6,1,9.75954532623291,9.300477027893066,-0.14571030245861039,-0.1444146151188761,-3.0000000474974513,-2.9440481858327985
multivariate_regression/mvar_0852dd,1,SGD,6,8,7.964637756347656,7.557287216186523,-0.4774679105030373,-0.47363804816268384,-3.0000000474974513,-2.9440481858327985
multivariate_regression/mvar_0852dd,1,SGD,6,32,1.6042665243148804,1.4584290981292725,-2.7024172069504857,-2.6808767383918166,-3.0000000474974513,-2.9440481858327985
multivariate_regression/mvar_0852dd,1,SGD,6,128,1.0823708772659302,0.9940390586853027,-2.9591076099313796,-2.9497549114748836,-3.0000000474974513,-2.9440481858327985
multivariate_regression/mvar_0852dd,1,SGD,6,256,0.6786832809448242,0.6598265171051025,-3.004797660280019,-3.020939188543707,-3.0000000474974513,-2.9440481858327985
multivariate_regression/mvar_0852dd,1,SGD,7,1,10.46815013885498,9.994871139526367,-0.02374910216894932,-0.022401245427317917,-3.0000000474974513,-2.9440481858327985
multivariate_regression/mvar_0852dd,1,SGD,7,8,8.442821502685547,8.025614738464355,-0.3839029660448432,-0.38010849768761545,-3.0000000474974513,-2.9440481858327985
multivariate_regression/mvar_0852dd,1,SGD,7,32,1.5385292768478394,1.4002618789672852,-2.712266819551587,-2.6942321714013815,-3.0000000474974513,-2.9440481858327985
multivariate_regression/mvar_0852dd,1,SGD,7,128,0.8452714085578918,0.8006967902183533,-2.941541942767799,-2.9479731265455484,-3.0000000474974513,-2.9440481858327985
multivariate_regression/mvar_0852dd,1,SGD,7,256,0.6354891657829285,0.6428756713867188,-2.966148633044213,-2.995928285177797,-3.0000000474974513,-2.9440481858327985
multivariate_regression/mvar_0852dd,1,SGD,8,1,10.47372055053711,9.99272632598877,-0.026185697854089085,-0.02675416975398548,-3.0000000474974513,-2.9440481858327985
multivariate_regression/mvar_0852dd,1,SGD,8,8,8.48518180847168,8.057835578918457,-0.38059112918563187,-0.3795704273506999,-3.0000000474974513,-2.9440481858327985
multivariate_regression/mvar_0852dd,1,SGD,8,32,1.6676149368286133,1.532794713973999,-2.6782677872106433,-2.666906359605491,-3.0000000474974513,-2.9440481858327985
multivariate_regression/mvar_0852dd,1,SGD,8,128,1.1160366535186768,1.0408798456192017,-2.986562483943999,-2.9971146127209067,-3.0000000474974513,-2.9440481858327985
multivariate_regression/mvar_0852dd,1,SGD,8,256,0.6833892464637756,0.6500812768936157,-2.9978210302069783,-3.037019329611212,-3.0000000474974513,-2.9440481858327985
multivariate_regression/mvar_0852dd,1,SGD,9,1,10.426811218261719,9.950078964233398,-0.03338503560371464,-0.03371433276333846,-3.0000000474974513,-2.9440481858327985
multivariate_regression/mvar_0852dd,1,SGD,9,8,8.516719818115234,8.08613395690918,-0.3737582074245438,-0.372777349781245,-3.0000000474974513,-2.9440481858327985
multivariate_regression/mvar_0852dd,1,SGD,9,32,1.6277564764022827,1.465418815612793,-2.692567034624517,-2.6783846225589514,-3.0000000474974513,-2.9440481858327985
multivariate_regression/mvar_0852dd,1,SGD,9,128,0.9330169558525085,0.8335339426994324,-2.9812983605079353,-2.996154917869717,-3.0000000474974513,-2.9440481858327985
multivariate_regression/mvar_0852dd,1,SGD,9,256,0.6414714455604553,0.5892570614814758,-2.963099047774449,-3.001126832794398,-3.0000000474974513,-2.9440481858327985
multivariate_regression/mvar_0852dd,1,Adam,0,1,11.190178871154785,10.688220024108887,0.09131508711288916,0.09034992274973774,-3.0000000474974513,-2.9440481858327985
multivariate_regression/mvar_0852dd,1,Adam,0,8,10.578201293945312,10.094234466552734,-0.009312774687714409,-0.00922816242382396,-3.0000000474974513,-2.9440481858327985
multivariate_regression/mvar_0852dd,1,Adam,0,32,8.592676162719727,8.168210983276367,-0.3624265769030899,-0.3588496034499258,-3.0000000474974513,-2.9440481858327985
multivariate_regression/mvar_0852dd,1,Adam,0,128,1.6707789897918701,1.521891474723816,-2.657666863873601,-2.6426219027489424,-3.0000000474974513,-2.9440481858327985
multivariate_regression/mvar_0852dd,1,Adam,0,256,0.9511357545852661,0.8906335234642029,-2.9545880993828177,-2.963895524851978,-3.0000000474974513,-2.9440481858327985
multivariate_regression/mvar_0852dd,1,Adam,1,1,10.325706481933594,9.859635353088379,-0.05213525929138996,-0.05064404489530716,-3.0000000474974513,-2.9440481858327985
multivariate_regression/mvar_0852dd,1,Adam,1,8,9.796069145202637,9.344839096069336,-0.14332928523072042,-0.1410419641470071,-3.0000000474974513,-2.9440481858327985
multivariate_regression/mvar_0852dd,1,Adam,1,32,7.903718948364258,7.509328842163086,-0.49622149870265275,-0.4906468411209062,-3.0000000474974513,-2.9440481858327985
multivariate_regression/mvar_0852dd,1,Adam,1,128,1.5441596508026123,1.4353083372116089,-2.856944814324379,-2.840478212572634,-3.0000000474974513,-2.9440481858327985
multivariate_regression/mvar_0852dd,1,Adam,1,256,0.8648585081100464,0.8247087001800537,-2.9671166790649295,-2.9863226674497128,-3.0000000474974513,-2.9440481858327985
multivariate_regression/mvar_0852dd,1,Adam,2,1,11.226327896118164,10.718679428100586,0.09632367394806352,0.09494693597662263,-3.0000000474974513,-2.9440481858327985
multivariate_regression/mvar_0852dd,1,Adam,2,8,10.659521102905273,10.168665885925293,0.004202187556074932,0.0037328519829316065,-3.0000000474974513,-2.9440481858327985
multivariate_regression/mvar_0852dd,1,Adam,2,32,8.830097198486328,8.393519401550293,-0.31438952742610127,-0.3120494930772111,-3.0000000474974513,-2.9440481858327985
multivariate_regression/mvar_0852dd,1,Adam,2,128,1.6117348670959473,1.456368088722229,-2.6353310756385326,-2.6164291286841035,-3.0000000474974513,-2.9440481858327985
multivariate_regression/mvar_0852dd,1,Adam,2,256,0.8614674806594849,0.7967144250869751,-2.9662792831659317,-2.9709565974771976,-3.0000000474974513,-2.9440481858327985
multivariate_regression/mvar_0852dd,1,Adam,3,1,10.21391487121582,9.726978302001953,-0.06300404078501742,-0.06529475061688572,-3.0000000474974513,-2.9440481858327985
multivariate_regression/mvar_0852dd,1,Adam,3,8,9.725500106811523,9.252294540405273,-0.14764648978598416,-0.14926873086369596,-3.0000000474974513,-2.9440481858327985
multivariate_regression/mvar_0852dd,1,Adam,3,32,8.114789962768555,7.687972545623779,-0.44640785874798894,-0.44577000371646136,-3.0000000474974513,-2.9440481858327985
multivariate_regression/mvar_0852dd,1,Adam,3,128,1.7004320621490479,1.5294716358184814,-2.594078072346747,-2.5865637781098485,-3.0000000474974513,-2.9440481858327985
multivariate_regression/mvar_0852dd,1,Adam,3,256,0.9761345386505127,0.8881232738494873,-2.9319564891047776,-2.9502864223904908,-3.0000000474974513,-2.9440481858327985
multivariate_regression/mvar_0852dd,1,Adam,4,1,10.561704635620117,10.083881378173828,-0.009351445296488237,-0.00924567800029763,-3.0000000474974513,-2.9440481858327985
multivariate_regression/mvar_0852dd,1,Adam,4,8,9.968547821044922,9.507589340209961,-0.11002793769876007,-0.10905880943755619,-3.0000000474974513,-2.9440481858327985
multivariate_regression/mvar_0852dd,1,Adam,4,32,8.052029609680176,7.648254871368408,-0.46250468911603093,-0.4582274650456384,-3.0000000474974513,-2.9440481858327985
multivariate_regression/mvar_0852dd,1,Adam,4,128,1.75290048122406,1.5862994194030762,-2.543769077397883,-2.5295538576319814,-3.0000000474974513,-2.9440481858327985
multivariate_regression/mvar_0852dd,1,Adam,4,256,1.046952247619629,0.9452999830245972,-2.956226198002696,-2.9608271876350045,-3.0000000474974513,-2.9440481858327985
multivariate_regression/mvar_0852dd,1,Adam,5,1,10.70583438873291,10.226883888244629,0.00985526994918473,0.011693683249177411,-3.0000000474974513,-2.9440481858327985
multivariate_regression/mvar_0852dd,1,Adam,5,8,10.15831184387207,9.696727752685547,-0.08203495883208234,-0.07897080547991209,-3.0000000474974513,-2.9440481858327985
multivariate_regression/mvar_0852dd,1,Adam,5,32,8.304254531860352,7.9022369384765625,-0.41812102124094963,-0.4105375874787569,-3.0000000474974513,-2.9440481858327985
multivariate_regression/mvar_0852dd,1,Adam,5,128,1.6135265827178955,1.463701605796814,-2.74817759077996,-2.721850296482444,-3.0000000474974513,-2.9440481858327985
multivariate_regression/mvar_0852dd,1,Adam,5,256,0.9455340504646301,0.8669360876083374,-2.931181995663792,-2.9319839756935835,-3.0000000474974513,-2.9440481858327985
multivariate_regression/mvar_0852dd,1,Adam,6,1,9.91929817199707,9.455699920654297,-0.11802228447049856,-0.11694529961096123,-3.0000000474974513,-2.9440481858327985
multivariate_regression/mvar_0852dd,1,Adam,6,8,9.404545783996582,8.95520305633545,-0.2082152075599879,-0.2065337144304067,-3.0000000474974513,-2.9440481858327985
multivariate_regression/mvar_0852dd,1,Adam,6,32,7.589139938354492,7.194248676300049,-0.5531642612768337,-0.548621523892507,-3.0000000474974513,-2.9440481858327985
multivariate_regression/mvar_0852dd,1,Adam,6,128,1.6091481447219849,1.4585357904434204,-2.727855988778174,-2.7072734609246254,-3.0000000474974513,-2.9440481858327985
multivariate_regression/mvar_0852dd,1,Adam,6,256,0.9748405814170837,0.8938060402870178,-2.9311115741729736,-2.9289839258417487,-3.0000000474974513,-2.9440481858327985
multivariate_regression/mvar_0852dd,1,Adam,7,1,10.66751766204834,10.189067840576172,0.009396016321261413,0.010576962144114077,-3.0000000474974513,-2.9440481858327985
multivariate_regression/mvar_0852dd,1,Adam,7,8,10.110227584838867,9.646658897399902,-0.08450602163793519,-0.08264691446674988,-3.0000000474974513,-2.9440481858327985
multivariate_regression/mvar_0852dd,1,Adam,7,32,8.202533721923828,7.790827751159668,-0.43024386558681726,-0.42605784453917295,-3.0000000474974513,-2.9440481858327985
multivariate_regression/mvar_0852dd,1,Adam,7,128,1.6342782974243164,1.4745843410491943,-2.6013735672459006,-2.5868334462866187,-3.0000000474974513,-2.9440481858327985
multivariate_regression/mvar_0852dd,1,Adam,7,256,0.8131409883499146,0.7469310760498047,-2.9319637306034565,-2.9380914112553,-3.0000000474974513,-2.9440481858327985
multivariate_regression/mvar_0852dd,1,Adam,8,1,10.689870834350586,10.203448295593262,0.009798308892641217,0.009106945784878917,-3.0000000474974513,-2.9440481858327985
multivariate_regression/mvar_0852dd,1,Adam,8,8,10.180070877075195,9.70725154876709,-0.07604668675048742,-0.07630677465931512,-3.0000000474974513,-2.9440481858327985
multivariate_regression/mvar_0852dd,1,Adam,8,32,8.523293495178223,8.096514701843262,-0.3745847607497126,-0.3733430430293083,-3.0000000474974513,-2.9440481858327985
multivariate_regression/mvar_0852dd,1,Adam,8,128,1.88919997215271,1.7196383476257324,-2.4469782896339893,-2.436564919538796,-3.0000000474974513,-2.9440481858327985
multivariate_regression/mvar_0852dd,1,Adam,8,256,1.0015219449996948,0.9123445153236389,-2.956718061119318,-2.967986023053527,-3.0000000474974513,-2.9440481858327985
multivariate_regression/mvar_0852dd,1,Adam,9,1,10.599732398986816,10.119110107421875,-0.00444643285300117,-0.0048441476610605605,-3.0000000474974513,-2.9440481858327985
multivariate_regression/mvar_0852dd,1,Adam,9,8,10.054052352905273,9.586932182312012,-0.09683146608585957,-0.09667776711285114,-3.0000000474974513,-2.9440481858327985
multivariate_regression/mvar_0852dd,1,Adam,9,32,8.102937698364258,7.688445568084717,-0.4546628672396764,-0.4518488106550649,-3.0000000474974513,-2.9440481858327985
multivariate_regression/mvar_0852dd,1,Adam,9,128,1.524475336074829,1.3755247592926025,-2.8269110154360533,-2.81144714448601,-3.0000000474974513,-2.9440481858327985
multivariate_regression/mvar_0852dd,1,Adam,9,256,0.7839210629463196,0.6953781843185425,-2.9320929697714746,-2.9561007916927338,-3.0000000474974513,-2.9440481858327985
multivariate_regression/mvar_0852dd,2,SGD,0,1,1.6439553499221802,1.4821484088897705,0.10318695593014127,0.10208241426153108,-4.7497451305389404e-08,0.05595181416720152
multivariate_regression/mvar_0852dd,2,SGD,0,8,1.634474277496338,1.475797414779663,0.08231355292809894,0.08117437695182161,-4.7497451305389404e-08,0.05595181416720152
multivariate_regression/mvar_0852dd,2,SGD,0,32,1.6132473945617676,1.4583189487457275,0.07097575443913229,0.06905826539150439,-4.7497451305389404e-08,0.05595181416720152
multivariate_regression/mvar_0852dd,2,SGD,0,128,1.5183876752853394,1.3838732242584229,0.004246302632964216,-0.0015395348600577563,-4.7497451305389404e-08,0.05595181416720152
multivariate_regression/mvar_0852dd,2,SGD,0,256,1.3236446380615234,1.2069501876831055,0.04990877350064693,0.03386644503916614,-4.7497451305389404e-08,0.05595181416720152
multivariate_regression/mvar_0852dd,2,SGD,1,1,1.6365610361099243,1.495966911315918,-0.03950095643813256,-0.03816748804820236,-4.7497451305389404e-08,0.05595181416720152
multivariate_regression/mvar_0852dd,2,SGD,1,8,1.6303157806396484,1.4908517599105835,-0.03961070398509037,-0.03869055196264526,-4.7497451305389404e-08,0.05595181416720152
multivariate_regression/mvar_0852dd,2,SGD,1,32,1.6087538003921509,1.4727168083190918,-0.03817825941951014,-0.038627352616458666,-4.7497451305389404e-08,0.05595181416720152
multivariate_regression/mvar_0852dd,2,SGD,1,128,1.5121923685073853,1.3856722116470337,0.005881984186999034,-0.0005801710358355194,-4.7497451305389404e-08,0.05595181416720152
multivariate_regression/mvar_0852dd,2,SGD,1,256,1.2416481971740723,1.1558740139007568,-0.0027984100743196905,-0.024970452272100374,-4.7497451305389404e-08,0.05595181416720152
multivariate_regression/mvar_0852dd,2,SGD,2,1,1.6497522592544556,1.4852135181427002,0.10441017428820487,0.1029106246860465,-4.7497451305389404e-08,0.05595181416720152
multivariate_regression/mvar_0852dd,2,SGD,2,8,1.6419581174850464,1.4793344736099243,0.09470412988594035,0.09315673171659,-4.7497451305389404e-08,0.05595181416720152
multivariate_regression/mvar_0852dd,2,SGD,2,32,1.6150307655334473,1.460955262184143,0.04552048526966246,0.04397584895195905,-4.7497451305389404e-08,0.05595181416720152
multivariate_regression/mvar_0852dd,2,SGD,2,128,1.531286358833313,1.3909718990325928,0.01079737128020497,0.007415375417622272,-4.7497451305389404e-08,0.05595181416720152
multivariate_regression/mvar_0852dd,2,SGD,2,256,1.3403074741363525,1.2224054336547852,-0.001309181869146414,-0.010491021508642007,-4.7497451305389404e-08,0.05595181416720152
multivariate_regression/mvar_0852dd,2,SGD,3,1,1.590079665184021,1.4514566659927368,-0.05272746115224436,-0.05510967563895974,-4.7497451305389404e-08,0.05595181416720152
multivariate_regression/mvar_0852dd,2,SGD,3,8,1.585797667503357,1.4465402364730835,-0.044328159259748645,-0.04694894728891086,-4.7497451305389404e-08,0.05595181416720152
multivariate_regression/mvar_0852dd,2,SGD,3,32,1.5717986822128296,1.4316554069519043,-0.027324248760123737,-0.030553506629075855,-4.7497451305389404e-08,0.05595181416720152
multivariate_regression/mvar_0852dd,2,SGD,3,128,1.5115119218826294,1.3744308948516846,-0.007695315725868568,-0.013529367410228588,-4.7497451305389404e-08,0.05595181416720152
multivariate_regression/mvar_0852dd,2,SGD,3,256,1.3612395524978638,1.2314345836639404,0.0409129757899791,0.02776708296732977,-4.7497451305389404e-08,0.05595181416720152
multivariate_regression/mvar_0852dd,2,SGD,4,1,1.6169253587722778,1.4723899364471436,0.006564581519342028,0.006524278829601826,-4.7497451305389404e-08,0.05595181416720152
multivariate_regression/mvar_0852dd,2,SGD,4,8,1.6101479530334473,1.4658300876617432,0.006765716589143267,0.006555968033353565,-4.7497451305389404e-08,0.05595181416720152
multivariate_regression/mvar_0852dd,2,SGD,4,32,1.5914174318313599,1.4478552341461182,0.007295291608897969,0.00679562894947594,-4.7497451305389404e-08,0.05595181416720152
multivariate_regression/mvar_0852dd,2,SGD,4,128,1.503129005432129,1.3593053817749023,0.04805636888340814,0.0451675919466652,-4.7497451305389404e-08,0.05595181416720152
multivariate_regression/mvar_0852dd,2,SGD,4,256,1.274314045906067,1.148861289024353,0.020642529569158796,0.01149328733299626,-4.7497451305389404e-08,0.05595181416720152
multivariate_regression/mvar_0852dd,2,SGD,5,1,1.646783471107483,1.4911006689071655,0.023594425932969898,0.02522694291837979,-4.7497451305389404e-08,0.05595181416720152
multivariate_regression/mvar_0852dd,2,SGD,5,8,1.64103364944458,1.4869084358215332,0.01519794792693574,0.016704510111594573,-4.7497451305389404e-08,0.05595181416720152
multivariate_regression/mvar_0852dd,2,SGD,5,32,1.622624158859253,1.4717121124267578,0.0032105303689604625,0.004281338857254013,-4.7497451305389404e-08,0.05595181416720152
multivariate_regression/mvar_0852dd,2,SGD,5,128,1.5507086515426636,1.4053170680999756,0.01949534068990033,0.017804384100600146,-4.7497451305389404e-08,0.05595181416720152
multivariate_regression/mvar_0852dd,2,SGD,5,256,1.397600531578064,1.2712773084640503,-0.008466813611448742,-0.015729701524833217,-4.7497451305389404e-08,0.05595181416720152
multivariate_regression/mvar_0852dd,2,SGD,6,1,1.6239097118377686,1.4877389669418335,-0.10258651967160404,-0.10162796635995619,-4.7497451305389404e-08,0.05595181416720152
multivariate_regression/mvar_0852dd,2,SGD,6,8,1.6186095476150513,1.4812772274017334,-0.09021906976704486,-0.08942189774825238,-4.7497451305389404e-08,0.05595181416720152
multivariate_regression/mvar_0852dd,2,SGD,6,32,1.6034812927246094,1.465749979019165,-0.07530445311567746,-0.0749807351094205,-4.7497451305389404e-08,0.05595181416720152
multivariate_regression/mvar_0852dd,2,SGD,6,128,1.5417910814285278,1.4025779962539673,-0.015247138780978275,-0.01667736983654322,-4.7497451305389404e-08,0.05595181416720152
multivariate_regression/mvar_0852dd,2,SGD,6,256,1.4199353456497192,1.2935009002685547,-0.019915986895369997,-0.024557696850251887,-4.7497451305389404e-08,0.05595181416720152
multivariate_regression/mvar_0852dd,2,SGD,7,1,1.6106846332550049,1.4589649438858032,0.026192414909019135,0.027235650850343518,-4.7497451305389404e-08,0.05595181416720152
multivariate_regression/mvar_0852dd,2,SGD,7,8,1.6029267311096191,1.4512687921524048,0.03386661005788483,0.03463969269068912,-4.7497451305389404e-08,0.05595181416720152
multivariate_regression/mvar_0852dd,2,SGD,7,32,1.5737195014953613,1.427952527999878,0.012743884435622022,0.012753231902024709,-4.7497451305389404e-08,0.05595181416720152
multivariate_regression/mvar_0852dd,2,SGD,7,128,1.4367040395736694,1.3085103034973145,0.0008036229119170457,-0.0033039863337762654,-4.7497451305389404e-08,0.05595181416720152
multivariate_regression/mvar_0852dd,2,SGD,7,256,1.0766124725341797,0.9894938468933105,0.026282571299816482,0.010742039812612347,-4.7497451305389404e-08,0.05595181416720152
multivariate_regression/mvar_0852dd,2,SGD,8,1,1.6310324668884277,1.4829399585723877,0.022028368759492878,0.02125288151728455,-4.7497451305389404e-08,0.05595181416720152
multivariate_regression/mvar_0852dd,2,SGD,8,8,1.6266958713531494,1.480170488357544,0.014236712311685551,0.013230810945970006,-4.7497451305389404e-08,0.05595181416720152
multivariate_regression/mvar_0852dd,2,SGD,8,32,1.6132770776748657,1.4705719947814941,0.0006072002288419753,-0.0012680061990977265,-4.7497451305389404e-08,0.05595181416720152
multivariate_regression/mvar_0852dd,2,SGD,8,128,1.559328556060791,1.4244276285171509,0.003182800304784905,-0.002142650686437264,-4.7497451305389404e-08,0.05595181416720152
multivariate_regression/mvar_0852dd,2,SGD,8,256,1.4493721723556519,1.3325551748275757,-0.016263687321043108,-0.02822428095532814,-4.7497451305389404e-08,0.05595181416720152
multivariate_regression/mvar_0852dd,2,SGD,9,1,1.625677227973938,1.4815458059310913,0.010281828355800826,0.009767473238753155,-4.7497451305389404e-08,0.05595181416720152
multivariate_regression/mvar_0852dd,2,SGD,9,8,1.619028091430664,1.475172519683838,0.009555411445035134,0.008889305972843431,-4.7497451305389404e-08,0.05595181416720152
multivariate_regression/mvar_0852dd,2,SGD,9,32,1.5987637042999268,1.4557132720947266,0.012615380423085298,0.011119051290734205,-4.7497451305389404e-08,0.05595181416720152
multivariate_regression/mvar_0852dd,2,SGD,9,128,1.5063667297363281,1.3689746856689453,0.01761312261078274,0.012032846898364369,-4.7497451305389404e-08,0.05595181416720152
multivariate_regression/mvar_0852dd,2,SGD,9,256,1.2630226612091064,1.1489042043685913,-0.024522404884919524,-0.04098969671758823,-4.7497451305389404e-08,0.05595181416720152
multivariate_regression/mvar_0852dd,2,Adam,0,1,1.6400625705718994,1.4791712760925293,0.09721276810159907,0.09610152246023063,-4.7497451305389404e-08,0.05595181416720152
multivariate_regression/mvar_0852dd,2,Adam,0,8,1.610649824142456,1.4591867923736572,0.04124297109228792,0.03978530287713511,-4.7497451305389404e-08,0.05595181416720152
multivariate_regression/mvar_0852dd,2,Adam,0,32,1.5184046030044556,1.3774325847625732,0.046465056817396544,0.04098759595945012,-4.7497451305389404e-08,0.05595181416720152
multivariate_regression/mvar_0852dd,2,Adam,0,128,0.7241438627243042,0.7041466236114502,0.01184693472168874,-0.03402492591703776,-4.7497451305389404e-08,0.05595181416720152
multivariate_regression/mvar_0852dd,2,Adam,0,256,0.5834075212478638,0.6032404899597168,0.08923453176976182,0.039598153583938256,-4.7497451305389404e-08,0.05595181416720152
multivariate_regression/mvar_0852dd,2,Adam,1,1,1.632728099822998,1.4926810264587402,-0.04034444642456947,-0.03919490155385574,-4.7497451305389404e-08,0.05595181416720152
multivariate_regression/mvar_0852dd,2,Adam,1,8,1.6049668788909912,1.470963954925537,-0.048902258269663434,-0.049591908646107186,-4.7497451305389404e-08,0.05595181416720152
multivariate_regression/mvar_0852dd,2,Adam,1,32,1.5141419172286987,1.3956167697906494,-0.052099154338066,-0.05828515820030589,-4.7497451305389404e-08,0.05595181416720152
multivariate_regression/mvar_0852dd,2,Adam,1,128,0.7652841210365295,0.746086597442627,0.026544360516709276,-0.02431895762856584,-4.7497451305389404e-08,0.05595181416720152
multivariate_regression/mvar_0852dd,2,Adam,1,256,0.5801072120666504,0.6121656894683838,0.034584726236062124,-0.011713925079675391,-4.7497451305389404e-08,0.05595181416720152
multivariate_regression/mvar_0852dd,2,Adam,2,1,1.6466054916381836,1.4830422401428223,0.09900707940687425,0.09747389057883993,-4.7497451305389404e-08,0.05595181416720152
multivariate_regression/mvar_0852dd,2,Adam,2,8,1.6130778789520264,1.4573380947113037,0.062028798085520975,0.060037445451598614,-4.7497451305389404e-08,0.05595181416720152
multivariate_regression/mvar_0852dd,2,Adam,2,32,1.5133109092712402,1.3780364990234375,-0.012097257385903504,-0.01576113122428069,-4.7497451305389404e-08,0.05595181416720152
multivariate_regression/mvar_0852dd,2,Adam,2,128,0.7095460295677185,0.6836705207824707,0.0487088391528232,0.016987596478429623,-4.7497451305389404e-08,0.05595181416720152
multivariate_regression/mvar_0852dd,2,Adam,2,256,0.5792033076286316,0.6193155646324158,0.05573842648300342,0.00785005210491363,-4.7497451305389404e-08,0.05595181416720152
multivariate_regression/mvar_0852dd,2,Adam,3,1,1.5883957147598267,1.4507194757461548,-0.05824414920061827,-0.06066434894455597,-4.7497451305389404e-08,0.05595181416720152
multivariate_regression/mvar_0852dd,2,Adam,3,8,1.565962791442871,1.428778886795044,-0.04068446646851953,-0.044352064054692164,-4.7497451305389404e-08,0.05595181416720152
multivariate_regression/mvar_0852dd,2,Adam,3,32,1.4856717586517334,1.3496994972229004,0.011843615633551963,0.004414408991578966,-4.7497451305389404e-08,0.05595181416720152
multivariate_regression/mvar_0852dd,2,Adam,3,128,0.7352484464645386,0.6990045309066772,0.006733750837156549,-0.0422083909943467,-4.7497451305389404e-08,0.05595181416720152
multivariate_regression/mvar_0852dd,2,Adam,3,256,0.5778254866600037,0.622203528881073,0.018487205117708072,-0.0459119360166369,-4.7497451305389404e-08,0.05595181416720152
multivariate_regression/mvar_0852dd,2,Adam,4,1,1.6133157014846802,1.4688762426376343,0.008878478904080112,0.00873042801322299,-4.7497451305389404e-08,0.05595181416720152
multivariate_regression/mvar_0852dd,2,Adam,4,8,1.5848277807235718,1.4416128396987915,0.012486647254263517,0.011443152339779772,-4.7497451305389404e-08,0.05595181416720152
multivariate_regression/mvar_0852dd,2,Adam,4,32,1.4837596416473389,1.3473769426345825,0.005618327388219768,0.0021651853749062866,-4.7497451305389404e-08,0.05595181416720152
multivariate_regression/mvar_0852dd,2,Adam,4,128,0.6803863048553467,0.6223258972167969,0.09507701206894126,0.047334889306512196,-4.7497451305389404e-08,0.05595181416720152
multivariate_regression/mvar_0852dd,2,Adam,4,256,0.57961106300354,0.6160039901733398,-0.020774775483005214,-0.0688572127619409,-4.7497451305389404e-08,0.05595181416720152
multivariate_regression/mvar_0852dd,2,Adam,5,1,1.6431326866149902,1.4878486394882202,0.02577303502766881,0.027209004358155653,-4.7497451305389404e-08,0.05595181416720152
multivariate_regression/mvar_0852dd,2,Adam,5,8,1.61460542678833,1.464232087135315,0.014209549975930713,0.014591204409953207,-4.7497451305389404e-08,0.05595181416720152
multivariate_regression/mvar_0852dd,2,Adam,5,32,1.528243064880371,1.3902326822280884,-0.014462834049481899,-0.01667162404919509,-4.7497451305389404e-08,0.05595181416720152
multivariate_regression/mvar_0852dd,2,Adam,5,128,0.7639226913452148,0.7134503126144409,0.037741033898782916,-0.0022285713930614293,-4.7497451305389404e-08,0.05595181416720152
multivariate_regression/mvar_0852dd,2,Adam,5,256,0.5749273896217346,0.6423355937004089,-0.05349285792908631,-0.10869737042230554,-4.7497451305389404e-08,0.05595181416720152
multivariate_regression/mvar_0852dd,2,Adam,6,1,1.6207826137542725,1.4840967655181885,-0.09692113175697159,-0.09609907434787601,-4.7497451305389404e-08,0.05595181416720152
multivariate_regression/mvar_0852dd,2,Adam,6,8,1.5974702835083008,1.456220269203186,-0.045768819232762326,-0.045825454173609614,-4.7497451305389404e-08,0.05595181416720152
multivariate_regression/mvar_0852dd,2,Adam,6,32,1.5249214172363281,1.3891620635986328,-0.03773610399366589,-0.03989036583516281,-4.7497451305389404e-08,0.05595181416720152
multivariate_regression/mvar_0852dd,2,Adam,6,128,0.7367040514945984,0.6947422623634338,0.06086557813978288,0.02904168135864893,-4.7497451305389404e-08,0.05595181416720152
multivariate_regression/mvar_0852dd,2,Adam,6,256,0.5719857811927795,0.617127537727356,0.06785074769868515,0.012310492747928947,-4.7497451305389404e-08,0.05595181416720152
multivariate_regression/mvar_0852dd,2,Adam,7,1,1.6081349849700928,1.4561644792556763,0.03095761100121308,0.03184487167163752,-4.7497451305389404e-08,0.05595181416720152
multivariate_regression/mvar_0852dd,2,Adam,7,8,1.5818281173706055,1.429173469543457,0.06381567766948137,0.06345925113419071,-4.7497451305389404e-08,0.05595181416720152
multivariate_regression/mvar_0852dd,2,Adam,7,32,1.4561707973480225,1.325012445449829,0.001578922543558292,-0.002701788063859567,-4.7497451305389404e-08,0.05595181416720152
multivariate_regression/mvar_0852dd,2,Adam,7,128,0.6479641199111938,0.6508057117462158,0.011237737780902535,-0.0336151976371184,-4.7497451305389404e-08,0.05595181416720152
multivariate_regression/mvar_0852dd,2,Adam,7,256,0.5851187109947205,0.6241140365600586,0.02165598442661576,-0.028610810957616195,-4.7497451305389404e-08,0.05595181416720152
multivariate_regression/mvar_0852dd,2,Adam,8,1,1.6278276443481445,1.4802416563034058,0.021517328095796984,0.020624227152438834,-4.7497451305389404e-08,0.05595181416720152
multivariate_regression/mvar_0852dd,2,Adam,8,8,1.60664701461792,1.465800166130066,-0.008595468374551274,-0.010497677751118317,-4.7497451305389404e-08,0.05595181416720152
multivariate_regression/mvar_0852dd,2,Adam,8,32,1.5350658893585205,1.4049772024154663,-0.016875826062459964,-0.023289808625122532,-4.7497451305389404e-08,0.05595181416720152
multivariate_regression/mvar_0852dd,2,Adam,8,128,0.7859779596328735,0.7411337494850159,0.01779529374471167,-0.029654474725248292,-4.7497451305389404e-08,0.05595181416720152
multivariate_regression/mvar_0852dd,2,Adam,8,256,0.5749720931053162,0.6330350041389465,-0.020963207171007525,-0.07012572094390634,-4.7497451305389404e-08,0.05595181416720152
multivariate_regression/mvar_0852dd,2,Adam,9,1,1.6223927736282349,1.4779856204986572,0.014796628667681944,0.014100125394179486,-4.7497451305389404e-08,0.05595181416720152
multivariate_regression/mvar_0852dd,2,Adam,9,8,1.5932130813598633,1.450575351715088,0.012168590830697212,0.010623044479871169,-4.7497451305389404e-08,0.05595181416720152
multivariate_regression/mvar_0852dd,2,Adam,9,32,1.4937191009521484,1.3572895526885986,0.019146567785355728,0.013635688868816942,-4.7497451305389404e-08,0.05595181416720152
multivariate_regression/mvar_0852dd,2,Adam,9,128,0.6854011416435242,0.645018458366394,0.07049715753237251,0.014738219018909149,-4.7497451305389404e-08,0.05595181416720152
multivariate_regression/mvar_0852dd,2,Adam,9,256,0.5709198117256165,0.6250501871109009,-0.03888319499674253,-0.09111589918029495,-4.7497451305389404e-08,0.05595181416720152
multivariate_regression/mvar_0852dd,3,SGD,0,1,9.679985046386719,9.857648849487305,0.16328440440702252,0.16147955774795264,2.9999999534338713,3.0559518160298467
multivariate_regression/mvar_0852dd,3,SGD,0,8,7.3663458824157715,7.523321628570557,0.6032807083101943,0.5955415235366672,2.9999999534338713,3.0559518160298467
multivariate_regression/mvar_0852dd,3,SGD,0,32,1.551676630973816,1.4363425970077515,2.872516783885658,2.8357240427285433,2.9999999534338713,3.0559518160298467
multivariate_regression/mvar_0852dd,3,SGD,0,128,0.9829593896865845,0.9470593333244324,2.9871874330565333,2.914332530926913,2.9999999534338713,3.0559518160298467
multivariate_regression/mvar_0852dd,3,SGD,0,256,0.653221607208252,0.6393293738365173,3.1306032827124,3.0357305430807173,2.9999999534338713,3.0559518160298467
multivariate_regression/mvar_0852dd,3,SGD,1,1,10.586502075195312,10.770416259765625,0.008120974525809288,0.0090846628008876,2.9999999534338713,3.0559518160298467
multivariate_regression/mvar_0852dd,3,SGD,1,8,8.688441276550293,8.851421356201172,0.34299457364249974,0.3409776301123202,2.9999999534338713,3.0559518160298467
multivariate_regression/mvar_0852dd,3,SGD,1,32,1.7759315967559814,1.7107683420181274,2.524599116295576,2.5009597139433026,2.9999999534338713,3.0559518160298467
multivariate_regression/mvar_0852dd,3,SGD,1,128,0.9414108395576477,0.881472647190094,3.0489820493385196,2.985187640413642,2.9999999534338713,3.0559518160298467
multivariate_regression/mvar_0852dd,3,SGD,1,256,0.6063138246536255,0.6114872694015503,3.0893272238317877,3.0021065946202725,2.9999999534338713,3.0559518160298467
multivariate_regression/mvar_0852dd,3,SGD,2,1,9.73752212524414,9.913166046142578,0.15452772125718184,0.1526686791476095,2.9999999534338713,3.0559518160298467
multivariate_regression/mvar_0852dd,3,SGD,2,8,7.673598766326904,7.817234992980957,0.5448150540469214,0.5393881829222664,2.9999999534338713,3.0559518160298467
multivariate_regression/mvar_0852dd,3,SGD,2,32,1.6767643690109253,1.5543909072875977,2.699282646179199,2.674711444415152,2.9999999534338713,3.0559518160298467
multivariate_regression/mvar_0852dd,3,SGD,2,128,0.9539715051651001,0.8770199418067932,3.01451652450487,2.9689091383479536,2.9999999534338713,3.0559518160298467
multivariate_regression/mvar_0852dd,3,SGD,2,256,0.6128851175308228,0.6267987489700317,3.0911322438623756,3.0148635506629944,2.9999999534338713,3.0559518160298467
multivariate_regression/mvar_0852dd,3,SGD,3,1,10.639387130737305,10.847593307495117,-0.008780605116044171,-0.01147808886889834,2.9999999534338713,3.0559518160298467
multivariate_regression/mvar_0852dd,3,SGD,3,8,8.625702857971191,8.810730934143066,0.3448433391749859,0.3389011083636433,2.9999999534338713,3.0559518160298467
multivariate_regression/mvar_0852dd,3,SGD,3,32,1.5657284259796143,1.4771755933761597,2.7283549271523952,2.7020229399204254,2.9999999534338713,3.0559518160298467
multivariate_regression/mvar_0852dd,3,SGD,3,128,0.9932612180709839,0.9208543300628662,3.0405680183321238,2.986796245444566,2.9999999534338713,3.0559518160298467
multivariate_regression/mvar_0852dd,3,SGD,3,256,0.6258371472358704,0.6445056796073914,3.0133155102375895,2.928623718675226,2.9999999534338713,3.0559518160298467
multivariate_regression/mvar_0852dd,3,SGD,4,1,10.245595932006836,10.433650016784668,0.06239529149024747,0.06186293696373468,2.9999999534338713,3.0559518160298467
multivariate_regression/mvar_0852dd,3,SGD,4,8,7.801156044006348,7.960298538208008,0.5103146410547197,0.5054428995354101,2.9999999534338713,3.0559518160298467
multivariate_regression/mvar_0852dd,3,SGD,4,32,1.5061997175216675,1.3903666734695435,2.9101711539551616,2.8808467481285334,2.9999999534338713,3.0559518160298467
multivariate_regression/mvar_0852dd,3,SGD,4,128,0.8786581754684448,0.8108087778091431,3.0131805976852775,2.952370866201818,2.9999999534338713,3.0559518160298467
multivariate_regression/mvar_0852dd,3,SGD,4,256,0.6122302412986755,0.6211922764778137,3.016647490207106,2.925819921772927,2.9999999534338713,3.0559518160298467
multivariate_regression/mvar_0852dd,3,SGD,5,1,10.246440887451172,10.414281845092773,0.06753668858436868,0.06872844047029503,2.9999999534338713,3.0559518160298467
multivariate_regression/mvar_0852dd,3,SGD,5,8,8.48813247680664,8.638326644897461,0.38498794205952436,0.38263462064787745,2.9999999534338713,3.0559518160298467
multivariate_regression/mvar_0852dd,3,SGD,5,32,1.7738869190216064,1.6876752376556396,2.6157126743346453,2.588586035184562,2.9999999534338713,3.0559518160298467
multivariate_regression/mvar_0852dd,3,SGD,5,128,1.0969656705856323,1.0152943134307861,3.028989220969379,2.9763912186026573,2.9999999534338713,3.0559518160298467
multivariate_regression/mvar_0852dd,3,SGD,5,256,0.6528781652450562,0.6728318333625793,2.9743594033643603,2.891433173324913,2.9999999534338713,3.0559518160298467
multivariate_regression/mvar_0852dd,3,SGD,6,1,10.978644371032715,11.169386863708496,-0.060138700406241696,-0.059508862177608535,2.9999999534338713,3.0559518160298467
multivariate_regression/mvar_0852dd,3,SGD,6,8,9.307149887084961,9.476028442382812,0.2269433323526755,0.22537310852203518,2.9999999534338713,3.0559518160298467
multivariate_regression/mvar_0852dd,3,SGD,6,32,2.3943538665771484,2.361496925354004,2.1202788813970983,2.1011179946362972,2.9999999534338713,3.0559518160298467
multivariate_regression/mvar_0852dd,3,SGD,6,128,1.1104927062988281,1.0001682043075562,3.048611568287015,3.0054659750312567,2.9999999534338713,3.0559518160298467
multivariate_regression/mvar_0852dd,3,SGD,6,256,0.6411537528038025,0.6452787518501282,3.0053288724739105,2.9278297405689955,2.9999999534338713,3.0559518160298467
multivariate_regression/mvar_0852dd,3,SGD,7,1,10.158924102783203,10.332391738891602,0.07613549898087513,0.07686929176270496,2.9999999534338713,3.0559518160298467
multivariate_regression/mvar_0852dd,3,SGD,7,8,8.047914505004883,8.193068504333496,0.4604588095098734,0.4579537225654349,2.9999999534338713,3.0559518160298467
multivariate_regression/mvar_0852dd,3,SGD,7,32,1.6035836935043335,1.4903407096862793,2.7048872439190745,2.6817372739315033,2.9999999534338713,3.0559518160298467
multivariate_regression/mvar_0852dd,3,SGD,7,128,0.8130778074264526,0.7682049870491028,3.061600639950484,3.006514319218695,2.9999999534338713,3.0559518160298467
multivariate_regression/mvar_0852dd,3,SGD,7,256,0.6167379021644592,0.6478750705718994,3.0394682358019054,2.9611405429895967,2.9999999534338713,3.0559518160298467
multivariate_regression/mvar_0852dd,3,SGD,8,1,10.212922096252441,10.400167465209961,0.07049799054220784,0.0695123772820807,2.9999999534338713,3.0559518160298467
multivariate_regression/mvar_0852dd,3,SGD,8,8,8.207924842834473,8.362594604492188,0.43517935718409717,0.4317584603559226,2.9999999534338713,3.0559518160298467
multivariate_regression/mvar_0852dd,3,SGD,8,32,1.673976182937622,1.5646567344665527,2.704167711548507,2.6813784688711166,2.9999999534338713,3.0559518160298467
multivariate_regression/mvar_0852dd,3,SGD,8,128,1.1299769878387451,1.04368257522583,3.001012715511024,2.950695405714214,2.9999999534338713,3.0559518160298467
multivariate_regression/mvar_0852dd,3,SGD,8,256,0.6564334034919739,0.6659709811210632,3.014340300578624,2.9282250674441457,2.9999999534338713,3.0559518160298467
multivariate_regression/mvar_0852dd,3,SGD,9,1,10.305840492248535,10.496463775634766,0.053704882608144544,0.05301349455839954,2.9999999534338713,3.0559518160298467
multivariate_regression/mvar_0852dd,3,SGD,9,8,8.558101654052734,8.719837188720703,0.36611925915349275,0.36399967269971967,2.9999999534338713,3.0559518160298467
multivariate_regression/mvar_0852dd,3,SGD,9,32,1.6572084426879883,1.5707699060440063,2.675853113643825,2.6536938175559044,2.9999999534338713,3.0559518160298467
multivariate_regression/mvar_0852dd,3,SGD,9,128,0.9394368529319763,0.8836545944213867,3.034605650231242,2.9707792913541198,2.9999999534338713,3.0559518160298467
multivariate_regression/mvar_0852dd,3,SGD,9,256,0.6143395900726318,0.64170902967453,3.023310484364629,2.9315937005449086,2.9999999534338713,3.0559518160298467
multivariate_regression/mvar_0852dd,3,Adam,0,1,9.925775527954102,10.105241775512695,0.12037403600697871,0.11910528424778022,2.9999999534338713,3.0559518160298467
multivariate_regression/mvar_0852dd,3,Adam,0,8,9.345304489135742,9.51977825164795,0.2223934014327824,0.21995298471301794,2.9999999534338713,3.0559518160298467
multivariate_regression/mvar_0852dd,3,Adam,0,32,7.32586669921875,7.477549076080322,0.6104853267315775,0.6034187402110547,2.9999999534338713,3.0559518160298467
multivariate_regression/mvar_0852dd,3,Adam,0,128,1.4690598249435425,1.3473083972930908,2.907091780565679,2.872705966234207,2.9999999534338713,3.0559518160298467
multivariate_regression/mvar_0852dd,3,Adam,0,256,0.789436936378479,0.7759092450141907,2.9784650546498597,2.9007990690879524,2.9999999534338713,3.0559518160298467
multivariate_regression/mvar_0852dd,3,Adam,1,1,10.793472290039062,10.979637145996094,-0.02623475504515227,-0.024996605148771778,2.9999999534338713,3.0559518160298467
multivariate_regression/mvar_0852dd,3,Adam,1,8,10.256919860839844,10.438997268676758,0.06326580316817854,0.0635647679300746,2.9999999534338713,3.0559518160298467
multivariate_regression/mvar_0852dd,3,Adam,1,32,8.483709335327148,8.645417213439941,0.38076703040860593,0.37818269920535386,2.9999999534338713,3.0559518160298467
multivariate_regression/mvar_0852dd,3,Adam,1,128,1.6629841327667236,1.573634386062622,2.626272694207728,2.604615919291973,2.9999999534338713,3.0559518160298467
multivariate_regression/mvar_0852dd,3,Adam,1,256,0.8991479873657227,0.8651903867721558,2.9405666808597744,2.8806205298751593,2.9999999534338713,3.0559518160298467
multivariate_regression/mvar_0852dd,3,Adam,2,1,9.915581703186035,10.094144821166992,0.12330036537605338,0.12165296222519828,2.9999999534338713,3.0559518160298467
multivariate_regression/mvar_0852dd,3,Adam,2,8,9.375558853149414,9.549097061157227,0.21907995047513396,0.2163244332477916,2.9999999534338713,3.0559518160298467
multivariate_regression/mvar_0852dd,3,Adam,2,32,7.490720748901367,7.6418304443359375,0.5823056616354734,0.5754079041071236,2.9999999534338713,3.0559518160298467
multivariate_regression/mvar_0852dd,3,Adam,2,128,1.5349271297454834,1.4091176986694336,2.882203687913716,2.854806629009545,2.9999999534338713,3.0559518160298467
multivariate_regression/mvar_0852dd,3,Adam,2,256,0.8302887082099915,0.8059800863265991,2.976082921028137,2.918361215852201,2.9999999534338713,3.0559518160298467
multivariate_regression/mvar_0852dd,3,Adam,3,1,10.819208145141602,11.029539108276367,-0.03841260903573129,-0.0408979745261604,2.9999999534338713,3.0559518160298467
multivariate_regression/mvar_0852dd,3,Adam,3,8,10.294336318969727,10.4998779296875,0.048625063413055614,0.045300543744815513,2.9999999534338713,3.0559518160298467
multivariate_regression/mvar_0852dd,3,Adam,3,32,8.421256065368652,8.606197357177734,0.3829654171131551,0.37634109263308346,2.9999999534338713,3.0559518160298467
multivariate_regression/mvar_0852dd,3,Adam,3,128,1.528761386871338,1.425074815750122,2.7995912497863173,2.7746073184534907,2.9999999534338713,3.0559518160298467
multivariate_regression/mvar_0852dd,3,Adam,3,256,0.8547149300575256,0.8041175603866577,3.00068762851879,2.9396023666486144,2.9999999534338713,3.0559518160298467
multivariate_regression/mvar_0852dd,3,Adam,4,1,10.497414588928223,10.687965393066406,0.020083452807739377,0.01992213659832487,2.9999999534338713,3.0559518160298467
multivariate_regression/mvar_0852dd,3,Adam,4,8,9.879995346069336,10.064562797546387,0.12522256970987655,0.12398986812331714,2.9999999534338713,3.0559518160298467
multivariate_regression/mvar_0852dd,3,Adam,4,32,7.640277862548828,7.79744291305542,0.544317479711026,0.5387260572751984,2.9999999534338713,3.0559518160298467
multivariate_regression/mvar_0852dd,3,Adam,4,128,1.407285213470459,1.2760077714920044,3.030925517901778,2.9975660778582096,2.9999999534338713,3.0559518160298467
multivariate_regression/mvar_0852dd,3,Adam,4,256,0.723888099193573,0.7162835597991943,2.992964280769229,2.9157807058654726,2.9999999534338713,3.0559518160298467
multivariate_regression/mvar_0852dd,3,Adam,5,1,10.430967330932617,10.60063648223877,0.03623926913132891,0.037723522444139235,2.9999999534338713,3.0559518160298467
multivariate_regression/mvar_0852dd,3,Adam,5,8,9.8933687210083,10.060761451721191,0.12837008728820365,0.12854210067598615,2.9999999534338713,3.0559518160298467
multivariate_regression/mvar_0852dd,3,Adam,5,32,8.020293235778809,8.171422004699707,0.4753216915996745,0.47109686420299113,2.9999999534338713,3.0559518160298467
multivariate_regression/mvar_0852dd,3,Adam,5,128,1.5848934650421143,1.4765952825546265,2.8073828238993883,2.77842200640589,2.9999999534338713,3.0559518160298467
multivariate_regression/mvar_0852dd,3,Adam,5,256,0.8958589434623718,0.8514754772186279,3.009051075670868,2.942336087115109,2.9999999534338713,3.0559518160298467
multivariate_regression/mvar_0852dd,3,Adam,6,1,11.178155899047852,11.371036529541016,-0.09258677910838742,-0.09168310659879353,2.9999999534338713,3.0559518160298467
multivariate_regression/mvar_0852dd,3,Adam,6,8,10.6456298828125,10.831663131713867,-0.005017814281018218,-0.00470920041698264,2.9999999534338713,3.0559518160298467
multivariate_regression/mvar_0852dd,3,Adam,6,32,8.890583038330078,9.050539016723633,0.3036177584435791,0.30189210816752166,2.9999999534338713,3.0559518160298467
multivariate_regression/mvar_0852dd,3,Adam,6,128,1.6282637119293213,1.5161030292510986,2.700704289600253,2.679218632169068,2.9999999534338713,3.0559518160298467
multivariate_regression/mvar_0852dd,3,Adam,6,256,0.9645044803619385,0.8987178802490234,2.975901713129133,2.9272667509503663,2.9999999534338713,3.0559518160298467
multivariate_regression/mvar_0852dd,3,Adam,7,1,10.394983291625977,10.57174301147461,0.03615637400071137,0.03714752767700702,2.9999999534338713,3.0559518160298467
multivariate_regression/mvar_0852dd,3,Adam,7,8,9.847087860107422,10.018346786499023,0.12935718966764398,0.12948691034398507,2.9999999534338713,3.0559518160298467
multivariate_regression/mvar_0852dd,3,Adam,7,32,7.972837448120117,8.12033748626709,0.473908782703802,0.47091688972432166,2.9999999534338713,3.0559518160298467
multivariate_regression/mvar_0852dd,3,Adam,7,128,1.4549005031585693,1.3285648822784424,2.814519983716309,2.7946775080636144,2.9999999534338713,3.0559518160298467
multivariate_regression/mvar_0852dd,3,Adam,7,256,0.7118592262268066,0.6994930505752563,2.9834915965329856,2.924704371485859,2.9999999534338713,3.0559518160298467
multivariate_regression/mvar_0852dd,3,Adam,8,1,10.42393684387207,10.614825248718262,0.03468075964337913,0.03385137150326045,2.9999999534338713,3.0559518160298467
multivariate_regression/mvar_0852dd,3,Adam,8,8,9.90870189666748,10.092005729675293,0.12259689575876109,0.1211653666687198,2.9999999534338713,3.0559518160298467
multivariate_regression/mvar_0852dd,3,Adam,8,32,8.124706268310547,8.281006813049316,0.44988250941969454,0.4458657498471439,2.9999999534338713,3.0559518160298467
multivariate_regression/mvar_0852dd,3,Adam,8,128,1.6868740320205688,1.5908725261688232,2.6160989617928863,2.5972101502120495,2.9999999534338713,3.0559518160298467
multivariate_regression/mvar_0852dd,3,Adam,8,256,0.9858806133270264,0.9242051839828491,2.94271588511765,2.891134836245328,2.9999999534338713,3.0559518160298467
multivariate_regression/mvar_0852dd,3,Adam,9,1,10.49635124206543,10.690031051635742,0.021673137525795028,0.021107563567056786,2.9999999534338713,3.0559518160298467
multivariate_regression/mvar_0852dd,3,Adam,9,8,9.964005470275879,10.150565147399902,0.11204266475397162,0.11095173191279173,2.9999999534338713,3.0559518160298467
multivariate_regression/mvar_0852dd,3,Adam,9,32,8.133546829223633,8.293356895446777,0.44784113811329007,0.44447416602633893,2.9999999534338713,3.0559518160298467
multivariate_regression/mvar_0852dd,3,Adam,9,128,1.4725756645202637,1.3674829006195068,2.911575911566615,2.8842234136536717,2.9999999534338713,3.0559518160298467
multivariate_regression/mvar_0852dd,3,Adam,9,256,0.8000420331954956,0.7756927013397217,2.998267950024456,2.9286781796254218,2.9999999534338713,3.0559518160298467
